[INFO] Scanning for projects...
[INFO] 
[INFO] -----------------< com.hackathon:slot-booking-engine >------------------
[INFO] Building  0.0.1-SNAPSHOT
[INFO]   from pom.xml
[INFO] --------------------------------[ jar ]---------------------------------
[INFO] 
[INFO] >>> spring-boot:4.1.0:run (default-cli) > test-compile @ slot-booking-engine >>>
[INFO] 
[INFO] --- resources:3.5.0:resources (default-resources) @ slot-booking-engine ---
[INFO] Copying 0 resource from src/main/resources to target/classes
[INFO] Copying 1 resource from src/main/resources to target/classes
[INFO] 
[INFO] --- compiler:3.15.0:compile (default-compile) @ slot-booking-engine ---
[INFO] Nothing to compile - all classes are up to date.
[INFO] 
[INFO] --- resources:3.5.0:testResources (default-testResources) @ slot-booking-engine ---
[INFO] skip non existing resourceDirectory /Users/sumitbisht/Downloads/slot-booking-engine/src/test/resources
[INFO] 
[INFO] --- compiler:3.15.0:testCompile (default-testCompile) @ slot-booking-engine ---
[INFO] Nothing to compile - all classes are up to date.
[INFO] 
[INFO] <<< spring-boot:4.1.0:run (default-cli) < test-compile @ slot-booking-engine <<<
[INFO] 
[INFO] 
[INFO] --- spring-boot:4.1.0:run (default-cli) @ slot-booking-engine ---
[INFO] Attaching agents: []

  .   ____          _            __ _ _
 /\\ / ___'_ __ _ _(_)_ __  __ _ \ \ \ \
( ( )\___ | '_ | '_| | '_ \/ _` | \ \ \ \
 \\/  ___)| |_)| | | | | || (_| |  ) ) ) )
  '  |____| .__|_| |_|_| |_\__, | / / / /
 =========|_|==============|___/=/_/_/_/

 :: Spring Boot ::                (v4.1.0)

2026-08-16T13:42:12.958+05:30  INFO 36159 --- [slot-booking-engine] [           main] c.h.s.SlotBookingEngineApplication       : Starting SlotBookingEngineApplication using Java 25.0.1 with PID 36159 (/Users/sumitbisht/Downloads/slot-booking-engine/target/classes started by sumitbisht in /Users/sumitbisht/Downloads/slot-booking-engine)
2026-08-16T13:42:12.959+05:30  INFO 36159 --- [slot-booking-engine] [           main] c.h.s.SlotBookingEngineApplication       : No active profile set, falling back to 1 default profile: "default"
2026-08-16T13:42:13.497+05:30  INFO 36159 --- [slot-booking-engine] [           main] .s.d.r.c.RepositoryConfigurationDelegate : Multiple Spring Data modules found, entering strict repository configuration mode
2026-08-16T13:42:13.498+05:30  INFO 36159 --- [slot-booking-engine] [           main] .s.d.r.c.RepositoryConfigurationDelegate : Bootstrapping Spring Data JPA repositories in DEFAULT mode.
2026-08-16T13:42:13.623+05:30  INFO 36159 --- [slot-booking-engine] [           main] .s.d.r.c.RepositoryConfigurationDelegate : Finished Spring Data repository scanning in 120 ms. Found 4 JPA repository interfaces.
2026-08-16T13:42:13.633+05:30  INFO 36159 --- [slot-booking-engine] [           main] .s.d.r.c.RepositoryConfigurationDelegate : Multiple Spring Data modules found, entering strict repository configuration mode
2026-08-16T13:42:13.633+05:30  INFO 36159 --- [slot-booking-engine] [           main] .s.d.r.c.RepositoryConfigurationDelegate : Bootstrapping Spring Data Redis repositories in DEFAULT mode.
2026-08-16T13:42:13.642+05:30  INFO 36159 --- [slot-booking-engine] [           main] .RepositoryConfigurationExtensionSupport : Spring Data Redis - Could not safely identify store assignment for repository candidate interface com.hackathon.slot_booking_engine.repository.BookingRepository; If you want this repository to be a Redis repository, consider annotating your entities with one of these annotations: org.springframework.data.redis.core.RedisHash (preferred), or consider extending one of the following types with your repository: org.springframework.data.keyvalue.repository.KeyValueRepository
2026-08-16T13:42:13.642+05:30  INFO 36159 --- [slot-booking-engine] [           main] .RepositoryConfigurationExtensionSupport : Spring Data Redis - Could not safely identify store assignment for repository candidate interface com.hackathon.slot_booking_engine.repository.OutboxMessageRepository; If you want this repository to be a Redis repository, consider annotating your entities with one of these annotations: org.springframework.data.redis.core.RedisHash (preferred), or consider extending one of the following types with your repository: org.springframework.data.keyvalue.repository.KeyValueRepository
2026-08-16T13:42:13.642+05:30  INFO 36159 --- [slot-booking-engine] [           main] .RepositoryConfigurationExtensionSupport : Spring Data Redis - Could not safely identify store assignment for repository candidate interface com.hackathon.slot_booking_engine.repository.SlotRepository; If you want this repository to be a Redis repository, consider annotating your entities with one of these annotations: org.springframework.data.redis.core.RedisHash (preferred), or consider extending one of the following types with your repository: org.springframework.data.keyvalue.repository.KeyValueRepository
2026-08-16T13:42:13.642+05:30  INFO 36159 --- [slot-booking-engine] [           main] .RepositoryConfigurationExtensionSupport : Spring Data Redis - Could not safely identify store assignment for repository candidate interface com.hackathon.slot_booking_engine.repository.UserRepository; If you want this repository to be a Redis repository, consider annotating your entities with one of these annotations: org.springframework.data.redis.core.RedisHash (preferred), or consider extending one of the following types with your repository: org.springframework.data.keyvalue.repository.KeyValueRepository
2026-08-16T13:42:13.642+05:30  INFO 36159 --- [slot-booking-engine] [           main] .s.d.r.c.RepositoryConfigurationDelegate : Finished Spring Data repository scanning in 3 ms. Found 0 Redis repository interfaces.
2026-08-16T13:42:13.978+05:30  INFO 36159 --- [slot-booking-engine] [           main] o.s.boot.tomcat.TomcatWebServer          : Tomcat initialized with port 8080 (http)
2026-08-16T13:42:13.986+05:30  INFO 36159 --- [slot-booking-engine] [           main] o.apache.catalina.core.StandardService   : Starting service [Tomcat]
2026-08-16T13:42:13.987+05:30  INFO 36159 --- [slot-booking-engine] [           main] o.apache.catalina.core.StandardEngine    : Starting Servlet engine: [Apache Tomcat/11.0.22]
2026-08-16T13:42:14.013+05:30  INFO 36159 --- [slot-booking-engine] [           main] b.w.c.s.WebApplicationContextInitializer : Root WebApplicationContext: initialization completed in 1030 ms
2026-08-16T13:42:14.165+05:30  INFO 36159 --- [slot-booking-engine] [           main] org.hibernate.orm.jpa                    : HHH008540: Processing PersistenceUnitInfo [name: default]
2026-08-16T13:42:14.197+05:30  INFO 36159 --- [slot-booking-engine] [           main] org.hibernate.orm.core                   : HHH000001: Hibernate ORM core version 7.4.1.Final
2026-08-16T13:42:14.393+05:30  INFO 36159 --- [slot-booking-engine] [           main] o.s.o.j.p.SpringPersistenceUnitInfo      : No LoadTimeWeaver setup: ignoring JPA class transformer
2026-08-16T13:42:14.410+05:30  INFO 36159 --- [slot-booking-engine] [           main] com.zaxxer.hikari.HikariDataSource       : HikariPool-1 - Starting...
2026-08-16T13:42:14.522+05:30  INFO 36159 --- [slot-booking-engine] [           main] com.zaxxer.hikari.pool.HikariPool        : HikariPool-1 - Added connection org.postgresql.jdbc.PgConnection@6f7c4e0
2026-08-16T13:42:14.523+05:30  INFO 36159 --- [slot-booking-engine] [           main] com.zaxxer.hikari.HikariDataSource       : HikariPool-1 - Start completed.
2026-08-16T13:42:14.542+05:30  WARN 36159 --- [slot-booking-engine] [           main] org.hibernate.orm.deprecation            : HHH90000025: PostgreSQLDialect does not need to be specified explicitly using 'hibernate.dialect' (remove the property setting and it will be selected by default)
2026-08-16T13:42:14.556+05:30  INFO 36159 --- [slot-booking-engine] [           main] org.hibernate.orm.connections.pooling    : HHH10001005: Database info:
	Database JDBC URL [jdbc:postgresql://localhost:5432/slotify_db]
	Database driver: PostgreSQL JDBC Driver
	Database dialect: PostgreSQLDialect
	Database version: 16.14
	Default catalog/schema: slotify_db/public
	Autocommit mode: undefined/unknown
	Isolation level: READ_COMMITTED [default READ_COMMITTED]
	JDBC fetch size: none
	Pool: DataSourceConnectionProvider
	Minimum pool size: undefined/unknown
	Maximum pool size: undefined/unknown
2026-08-16T13:42:15.009+05:30  INFO 36159 --- [slot-booking-engine] [           main] org.hibernate.orm.core                   : HHH000489: No JTA platform available (set 'hibernate.transaction.jta.platform' to enable JTA platform integration)
2026-08-16T13:42:15.071+05:30  INFO 36159 --- [slot-booking-engine] [           main] j.LocalContainerEntityManagerFactoryBean : Initialized JPA EntityManagerFactory for persistence unit 'default'
2026-08-16T13:42:15.120+05:30  INFO 36159 --- [slot-booking-engine] [           main] o.s.d.j.r.query.QueryEnhancerFactories   : Hibernate is in classpath; If applicable, HQL parser will be used.
2026-08-16T13:42:15.582+05:30  INFO 36159 --- [slot-booking-engine] [           main] org.redisson.Version                     : Redisson 4.6.1
2026-08-16T13:42:15.648+05:30  WARN 36159 --- [slot-booking-engine] [           main] i.n.r.d.DnsServerAddressStreamProviders  : Can not find io.netty.resolver.dns.macos.MacOSDnsServerAddressStreamProvider in the classpath, fallback to system defaults. This may result in incorrect DNS resolutions on MacOS. Check whether you have a dependency on 'io.netty:netty-resolver-dns-native-macos'
2026-08-16T13:42:15.764+05:30  INFO 36159 --- [slot-booking-engine] [isson-netty-1-5] o.redisson.connection.ConnectionsHolder  : 1 connections initialized for localhost/127.0.0.1:6379
2026-08-16T13:42:15.803+05:30  INFO 36159 --- [slot-booking-engine] [sson-netty-1-20] o.redisson.connection.ConnectionsHolder  : 24 connections initialized for localhost/127.0.0.1:6379
2026-08-16T13:42:16.153+05:30  WARN 36159 --- [slot-booking-engine] [           main] JpaBaseConfiguration$JpaWebConfiguration : spring.jpa.open-in-view is enabled by default. Therefore, database queries may be performed during view rendering. Explicitly configure spring.jpa.open-in-view to disable this warning
2026-08-16T13:42:16.170+05:30  INFO 36159 --- [slot-booking-engine] [           main] o.s.b.w.a.WelcomePageHandlerMapping      : Adding welcome page: class path resource [static/index.html]
2026-08-16T13:42:16.541+05:30  INFO 36159 --- [slot-booking-engine] [           main] o.s.b.a.e.web.EndpointLinksResolver      : Exposing 3 endpoints beneath base path '/actuator'
2026-08-16T13:42:16.593+05:30  INFO 36159 --- [slot-booking-engine] [           main] o.s.boot.tomcat.TomcatWebServer          : Tomcat started on port 8080 (http) with context path '/'
2026-08-16T13:42:16.594+05:30  INFO 36159 --- [slot-booking-engine] [           main] o.s.a.r.c.CachingConnectionFactory       : Attempting to connect to: [localhost:5672]
2026-08-16T13:42:16.626+05:30  INFO 36159 --- [slot-booking-engine] [           main] o.s.a.r.c.CachingConnectionFactory       : Created new connection: rabbitConnectionFactory#7ad29d4b:0/SimpleConnection@44798d81 [delegate=amqp://slotify_mq@127.0.0.1:5672/, localPort=57411]
2026-08-16T13:42:16.671+05:30  INFO 36159 --- [slot-booking-engine] [           main] c.h.s.SlotBookingEngineApplication       : Started SlotBookingEngineApplication in 3.926 seconds (process running for 4.363)
Hibernate: 
    select
        om1_0.id,
        om1_0.aggregate_id,
        om1_0.aggregate_type,
        om1_0.created_at,
        om1_0.event_type,
        om1_0.next_retry_at,
        om1_0.payload,
        om1_0.processed_at,
        om1_0.retry_count,
        om1_0.status 
    from
        outbox_messages om1_0 
    where
        om1_0.status=? 
        and (
            om1_0.next_retry_at is null 
            or om1_0.next_retry_at<=?
        ) 
    order by
        om1_0.created_at 
    fetch
        first ? rows only
Hibernate: 
    select
        count(*) 
    from
        users u1_0
2026-08-16T13:42:16.717+05:30  INFO 36159 --- [slot-booking-engine] [           main] c.h.s.config.DataSeeder                  : Data Seeder: Database already contains data. Skipping seeding.
2026-08-16T13:42:16.720+05:30  WARN 36159 --- [slot-booking-engine] [           main] o.s.core.events.SpringDocAppInitializer  : SpringDoc /swagger-ui.html endpoint is enabled by default. To disable it in production, set the property 'springdoc.swagger-ui.enabled=false'
Hibernate: 
    select
        om1_0.id,
        om1_0.aggregate_id,
        om1_0.aggregate_type,
        om1_0.created_at,
        om1_0.event_type,
        om1_0.next_retry_at,
        om1_0.payload,
        om1_0.processed_at,
        om1_0.retry_count,
        om1_0.status 
    from
        outbox_messages om1_0 
    where
        om1_0.status=? 
        and (
            om1_0.next_retry_at is null 
            or om1_0.next_retry_at<=?
        ) 
    order by
        om1_0.created_at 
    fetch
        first ? rows only
Hibernate: 
    select
        om1_0.id,
        om1_0.aggregate_id,
        om1_0.aggregate_type,
        om1_0.created_at,
        om1_0.event_type,
        om1_0.next_retry_at,
        om1_0.payload,
        om1_0.processed_at,
        om1_0.retry_count,
        om1_0.status 
    from
        outbox_messages om1_0 
    where
        om1_0.status=? 
        and (
            om1_0.next_retry_at is null 
            or om1_0.next_retry_at<=?
        ) 
    order by
        om1_0.created_at 
    fetch
        first ? rows only
Hibernate: 
    select
        om1_0.id,
        om1_0.aggregate_id,
        om1_0.aggregate_type,
        om1_0.created_at,
        om1_0.event_type,
        om1_0.next_retry_at,
        om1_0.payload,
        om1_0.processed_at,
        om1_0.retry_count,
        om1_0.status 
    from
        outbox_messages om1_0 
    where
        om1_0.status=? 
        and (
            om1_0.next_retry_at is null 
            or om1_0.next_retry_at<=?
        ) 
    order by
        om1_0.created_at 
    fetch
        first ? rows only
Hibernate: 
    select
        om1_0.id,
        om1_0.aggregate_id,
        om1_0.aggregate_type,
        om1_0.created_at,
        om1_0.event_type,
        om1_0.next_retry_at,
        om1_0.payload,
        om1_0.processed_at,
        om1_0.retry_count,
        om1_0.status 
    from
        outbox_messages om1_0 
    where
        om1_0.status=? 
        and (
            om1_0.next_retry_at is null 
            or om1_0.next_retry_at<=?
        ) 
    order by
        om1_0.created_at 
    fetch
        first ? rows only
Hibernate: 
    select
        om1_0.id,
        om1_0.aggregate_id,
        om1_0.aggregate_type,
        om1_0.created_at,
        om1_0.event_type,
        om1_0.next_retry_at,
        om1_0.payload,
        om1_0.processed_at,
        om1_0.retry_count,
        om1_0.status 
    from
        outbox_messages om1_0 
    where
        om1_0.status=? 
        and (
            om1_0.next_retry_at is null 
            or om1_0.next_retry_at<=?
        ) 
    order by
        om1_0.created_at 
    fetch
        first ? rows only
Hibernate: 
    select
        om1_0.id,
        om1_0.aggregate_id,
        om1_0.aggregate_type,
        om1_0.created_at,
        om1_0.event_type,
        om1_0.next_retry_at,
        om1_0.payload,
        om1_0.processed_at,
        om1_0.retry_count,
        om1_0.status 
    from
        outbox_messages om1_0 
    where
        om1_0.status=? 
        and (
            om1_0.next_retry_at is null 
            or om1_0.next_retry_at<=?
        ) 
    order by
        om1_0.created_at 
    fetch
        first ? rows only
Hibernate: 
    select
        om1_0.id,
        om1_0.aggregate_id,
        om1_0.aggregate_type,
        om1_0.created_at,
        om1_0.event_type,
        om1_0.next_retry_at,
        om1_0.payload,
        om1_0.processed_at,
        om1_0.retry_count,
        om1_0.status 
    from
        outbox_messages om1_0 
    where
        om1_0.status=? 
        and (
            om1_0.next_retry_at is null 
            or om1_0.next_retry_at<=?
        ) 
    order by
        om1_0.created_at 
    fetch
        first ? rows only
Hibernate: 
    select
        om1_0.id,
        om1_0.aggregate_id,
        om1_0.aggregate_type,
        om1_0.created_at,
        om1_0.event_type,
        om1_0.next_retry_at,
        om1_0.payload,
        om1_0.processed_at,
        om1_0.retry_count,
        om1_0.status 
    from
        outbox_messages om1_0 
    where
        om1_0.status=? 
        and (
            om1_0.next_retry_at is null 
            or om1_0.next_retry_at<=?
        ) 
    order by
        om1_0.created_at 
    fetch
        first ? rows only
Hibernate: 
    select
        om1_0.id,
        om1_0.aggregate_id,
        om1_0.aggregate_type,
        om1_0.created_at,
        om1_0.event_type,
        om1_0.next_retry_at,
        om1_0.payload,
        om1_0.processed_at,
        om1_0.retry_count,
        om1_0.status 
    from
        outbox_messages om1_0 
    where
        om1_0.status=? 
        and (
            om1_0.next_retry_at is null 
            or om1_0.next_retry_at<=?
        ) 
    order by
        om1_0.created_at 
    fetch
        first ? rows only
Hibernate: 
    select
        om1_0.id,
        om1_0.aggregate_id,
        om1_0.aggregate_type,
        om1_0.created_at,
        om1_0.event_type,
        om1_0.next_retry_at,
        om1_0.payload,
        om1_0.processed_at,
        om1_0.retry_count,
        om1_0.status 
    from
        outbox_messages om1_0 
    where
        om1_0.status=? 
        and (
            om1_0.next_retry_at is null 
            or om1_0.next_retry_at<=?
        ) 
    order by
        om1_0.created_at 
    fetch
        first ? rows only
Hibernate: 
    select
        om1_0.id,
        om1_0.aggregate_id,
        om1_0.aggregate_type,
        om1_0.created_at,
        om1_0.event_type,
        om1_0.next_retry_at,
        om1_0.payload,
        om1_0.processed_at,
        om1_0.retry_count,
        om1_0.status 
    from
        outbox_messages om1_0 
    where
        om1_0.status=? 
        and (
            om1_0.next_retry_at is null 
            or om1_0.next_retry_at<=?
        ) 
    order by
        om1_0.created_at 
    fetch
        first ? rows only
Hibernate: 
    select
        om1_0.id,
        om1_0.aggregate_id,
        om1_0.aggregate_type,
        om1_0.created_at,
        om1_0.event_type,
        om1_0.next_retry_at,
        om1_0.payload,
        om1_0.processed_at,
        om1_0.retry_count,
        om1_0.status 
    from
        outbox_messages om1_0 
    where
        om1_0.status=? 
        and (
            om1_0.next_retry_at is null 
            or om1_0.next_retry_at<=?
        ) 
    order by
        om1_0.created_at 
    fetch
        first ? rows only
Hibernate: 
    select
        om1_0.id,
        om1_0.aggregate_id,
        om1_0.aggregate_type,
        om1_0.created_at,
        om1_0.event_type,
        om1_0.next_retry_at,
        om1_0.payload,
        om1_0.processed_at,
        om1_0.retry_count,
        om1_0.status 
    from
        outbox_messages om1_0 
    where
        om1_0.status=? 
        and (
            om1_0.next_retry_at is null 
            or om1_0.next_retry_at<=?
        ) 
    order by
        om1_0.created_at 
    fetch
        first ? rows only
Hibernate: 
    select
        om1_0.id,
        om1_0.aggregate_id,
        om1_0.aggregate_type,
        om1_0.created_at,
        om1_0.event_type,
        om1_0.next_retry_at,
        om1_0.payload,
        om1_0.processed_at,
        om1_0.retry_count,
        om1_0.status 
    from
        outbox_messages om1_0 
    where
        om1_0.status=? 
        and (
            om1_0.next_retry_at is null 
            or om1_0.next_retry_at<=?
        ) 
    order by
        om1_0.created_at 
    fetch
        first ? rows only
Hibernate: 
    select
        om1_0.id,
        om1_0.aggregate_id,
        om1_0.aggregate_type,
        om1_0.created_at,
        om1_0.event_type,
        om1_0.next_retry_at,
        om1_0.payload,
        om1_0.processed_at,
        om1_0.retry_count,
        om1_0.status 
    from
        outbox_messages om1_0 
    where
        om1_0.status=? 
        and (
            om1_0.next_retry_at is null 
            or om1_0.next_retry_at<=?
        ) 
    order by
        om1_0.created_at 
    fetch
        first ? rows only
Hibernate: 
    select
        om1_0.id,
        om1_0.aggregate_id,
        om1_0.aggregate_type,
        om1_0.created_at,
        om1_0.event_type,
        om1_0.next_retry_at,
        om1_0.payload,
        om1_0.processed_at,
        om1_0.retry_count,
        om1_0.status 
    from
        outbox_messages om1_0 
    where
        om1_0.status=? 
        and (
            om1_0.next_retry_at is null 
            or om1_0.next_retry_at<=?
        ) 
    order by
        om1_0.created_at 
    fetch
        first ? rows only
Hibernate: 
    select
        om1_0.id,
        om1_0.aggregate_id,
        om1_0.aggregate_type,
        om1_0.created_at,
        om1_0.event_type,
        om1_0.next_retry_at,
        om1_0.payload,
        om1_0.processed_at,
        om1_0.retry_count,
        om1_0.status 
    from
        outbox_messages om1_0 
    where
        om1_0.status=? 
        and (
            om1_0.next_retry_at is null 
            or om1_0.next_retry_at<=?
        ) 
    order by
        om1_0.created_at 
    fetch
        first ? rows only
Hibernate: 
    select
        om1_0.id,
        om1_0.aggregate_id,
        om1_0.aggregate_type,
        om1_0.created_at,
        om1_0.event_type,
        om1_0.next_retry_at,
        om1_0.payload,
        om1_0.processed_at,
        om1_0.retry_count,
        om1_0.status 
    from
        outbox_messages om1_0 
    where
        om1_0.status=? 
        and (
            om1_0.next_retry_at is null 
            or om1_0.next_retry_at<=?
        ) 
    order by
        om1_0.created_at 
    fetch
        first ? rows only
Hibernate: 
    select
        om1_0.id,
        om1_0.aggregate_id,
        om1_0.aggregate_type,
        om1_0.created_at,
        om1_0.event_type,
        om1_0.next_retry_at,
        om1_0.payload,
        om1_0.processed_at,
        om1_0.retry_count,
        om1_0.status 
    from
        outbox_messages om1_0 
    where
        om1_0.status=? 
        and (
            om1_0.next_retry_at is null 
            or om1_0.next_retry_at<=?
        ) 
    order by
        om1_0.created_at 
    fetch
        first ? rows only
Hibernate: 
    select
        om1_0.id,
        om1_0.aggregate_id,
        om1_0.aggregate_type,
        om1_0.created_at,
        om1_0.event_type,
        om1_0.next_retry_at,
        om1_0.payload,
        om1_0.processed_at,
        om1_0.retry_count,
        om1_0.status 
    from
        outbox_messages om1_0 
    where
        om1_0.status=? 
        and (
            om1_0.next_retry_at is null 
            or om1_0.next_retry_at<=?
        ) 
    order by
        om1_0.created_at 
    fetch
        first ? rows only
Hibernate: 
    select
        om1_0.id,
        om1_0.aggregate_id,
        om1_0.aggregate_type,
        om1_0.created_at,
        om1_0.event_type,
        om1_0.next_retry_at,
        om1_0.payload,
        om1_0.processed_at,
        om1_0.retry_count,
        om1_0.status 
    from
        outbox_messages om1_0 
    where
        om1_0.status=? 
        and (
            om1_0.next_retry_at is null 
            or om1_0.next_retry_at<=?
        ) 
    order by
        om1_0.created_at 
    fetch
        first ? rows only
Hibernate: 
    select
        om1_0.id,
        om1_0.aggregate_id,
        om1_0.aggregate_type,
        om1_0.created_at,
        om1_0.event_type,
        om1_0.next_retry_at,
        om1_0.payload,
        om1_0.processed_at,
        om1_0.retry_count,
        om1_0.status 
    from
        outbox_messages om1_0 
    where
        om1_0.status=? 
        and (
            om1_0.next_retry_at is null 
            or om1_0.next_retry_at<=?
        ) 
    order by
        om1_0.created_at 
    fetch
        first ? rows only
Hibernate: 
    select
        om1_0.id,
        om1_0.aggregate_id,
        om1_0.aggregate_type,
        om1_0.created_at,
        om1_0.event_type,
        om1_0.next_retry_at,
        om1_0.payload,
        om1_0.processed_at,
        om1_0.retry_count,
        om1_0.status 
    from
        outbox_messages om1_0 
    where
        om1_0.status=? 
        and (
            om1_0.next_retry_at is null 
            or om1_0.next_retry_at<=?
        ) 
    order by
        om1_0.created_at 
    fetch
        first ? rows only
Hibernate: 
    select
        om1_0.id,
        om1_0.aggregate_id,
        om1_0.aggregate_type,
        om1_0.created_at,
        om1_0.event_type,
        om1_0.next_retry_at,
        om1_0.payload,
        om1_0.processed_at,
        om1_0.retry_count,
        om1_0.status 
    from
        outbox_messages om1_0 
    where
        om1_0.status=? 
        and (
            om1_0.next_retry_at is null 
            or om1_0.next_retry_at<=?
        ) 
    order by
        om1_0.created_at 
    fetch
        first ? rows only
Hibernate: 
    select
        om1_0.id,
        om1_0.aggregate_id,
        om1_0.aggregate_type,
        om1_0.created_at,
        om1_0.event_type,
        om1_0.next_retry_at,
        om1_0.payload,
        om1_0.processed_at,
        om1_0.retry_count,
        om1_0.status 
    from
        outbox_messages om1_0 
    where
        om1_0.status=? 
        and (
            om1_0.next_retry_at is null 
            or om1_0.next_retry_at<=?
        ) 
    order by
        om1_0.created_at 
    fetch
        first ? rows only
2026-08-16T13:43:35.092+05:30  INFO 36159 --- [slot-booking-engine] [nio-8080-exec-1] o.a.c.c.C.[Tomcat].[localhost].[/]       : Initializing Spring DispatcherServlet 'dispatcherServlet'
2026-08-16T13:43:35.094+05:30  INFO 36159 --- [slot-booking-engine] [nio-8080-exec-1] o.s.web.servlet.DispatcherServlet        : Initializing Servlet 'dispatcherServlet'
2026-08-16T13:43:35.098+05:30  INFO 36159 --- [slot-booking-engine] [nio-8080-exec-1] o.s.web.servlet.DispatcherServlet        : Completed initialization in 3 ms
2026-08-16T13:43:35.175+05:30 ERROR 36159 --- [slot-booking-engine] [nio-8080-exec-2] c.h.s.exception.GlobalExceptionHandler   : Unhandled Exception caught: 

org.springframework.web.servlet.resource.NoResourceFoundException: No static resource favicon.ico for request '/favicon.ico'.
	at org.springframework.web.servlet.resource.ResourceHttpRequestHandler.handleRequest(ResourceHttpRequestHandler.java:527) ~[spring-webmvc-7.0.8.jar:7.0.8]
	at org.springframework.web.servlet.mvc.HttpRequestHandlerAdapter.handle(HttpRequestHandlerAdapter.java:50) ~[spring-webmvc-7.0.8.jar:7.0.8]
	at org.springframework.web.servlet.DispatcherServlet.doDispatch(DispatcherServlet.java:963) ~[spring-webmvc-7.0.8.jar:7.0.8]
	at org.springframework.web.servlet.DispatcherServlet.doService(DispatcherServlet.java:866) ~[spring-webmvc-7.0.8.jar:7.0.8]
	at org.springframework.web.servlet.FrameworkServlet.processRequest(FrameworkServlet.java:1000) ~[spring-webmvc-7.0.8.jar:7.0.8]
	at org.springframework.web.servlet.FrameworkServlet.doGet(FrameworkServlet.java:892) ~[spring-webmvc-7.0.8.jar:7.0.8]
	at jakarta.servlet.http.HttpServlet.service(HttpServlet.java:622) ~[tomcat-embed-core-11.0.22.jar:6.1]
	at org.springframework.web.servlet.FrameworkServlet.service(FrameworkServlet.java:874) ~[spring-webmvc-7.0.8.jar:7.0.8]
	at jakarta.servlet.http.HttpServlet.service(HttpServlet.java:710) ~[tomcat-embed-core-11.0.22.jar:6.1]
	at org.apache.catalina.core.ApplicationFilterChain.doFilter(ApplicationFilterChain.java:128) ~[tomcat-embed-core-11.0.22.jar:11.0.22]
	at org.apache.tomcat.websocket.server.WsFilter.doFilter(WsFilter.java:53) ~[tomcat-embed-websocket-11.0.22.jar:11.0.22]
	at org.apache.catalina.core.ApplicationFilterChain.doFilter(ApplicationFilterChain.java:107) ~[tomcat-embed-core-11.0.22.jar:11.0.22]
	at org.springframework.web.filter.RequestContextFilter.doFilterInternal(RequestContextFilter.java:100) ~[spring-web-7.0.8.jar:7.0.8]
	at org.springframework.web.filter.OncePerRequestFilter.doFilter(OncePerRequestFilter.java:116) ~[spring-web-7.0.8.jar:7.0.8]
	at org.apache.catalina.core.ApplicationFilterChain.doFilter(ApplicationFilterChain.java:107) ~[tomcat-embed-core-11.0.22.jar:11.0.22]
	at org.springframework.web.filter.FormContentFilter.doFilterInternal(FormContentFilter.java:93) ~[spring-web-7.0.8.jar:7.0.8]
	at org.springframework.web.filter.OncePerRequestFilter.doFilter(OncePerRequestFilter.java:116) ~[spring-web-7.0.8.jar:7.0.8]
	at org.apache.catalina.core.ApplicationFilterChain.doFilter(ApplicationFilterChain.java:107) ~[tomcat-embed-core-11.0.22.jar:11.0.22]
	at org.springframework.web.filter.ServerHttpObservationFilter.doFilterInternal(ServerHttpObservationFilter.java:110) ~[spring-web-7.0.8.jar:7.0.8]
	at org.springframework.web.filter.OncePerRequestFilter.doFilter(OncePerRequestFilter.java:116) ~[spring-web-7.0.8.jar:7.0.8]
	at org.apache.catalina.core.ApplicationFilterChain.doFilter(ApplicationFilterChain.java:107) ~[tomcat-embed-core-11.0.22.jar:11.0.22]
	at org.springframework.web.filter.CharacterEncodingFilter.doFilterInternal(CharacterEncodingFilter.java:199) ~[spring-web-7.0.8.jar:7.0.8]
	at org.springframework.web.filter.OncePerRequestFilter.doFilter(OncePerRequestFilter.java:116) ~[spring-web-7.0.8.jar:7.0.8]
	at org.apache.catalina.core.ApplicationFilterChain.doFilter(ApplicationFilterChain.java:107) ~[tomcat-embed-core-11.0.22.jar:11.0.22]
	at org.apache.catalina.core.StandardWrapperValve.invoke(StandardWrapperValve.java:165) ~[tomcat-embed-core-11.0.22.jar:11.0.22]
	at org.apache.catalina.core.StandardContextValve.invoke(StandardContextValve.java:77) ~[tomcat-embed-core-11.0.22.jar:11.0.22]
	at org.apache.catalina.authenticator.AuthenticatorBase.invoke(AuthenticatorBase.java:492) ~[tomcat-embed-core-11.0.22.jar:11.0.22]
	at org.apache.catalina.core.StandardHostValve.invoke(StandardHostValve.java:113) ~[tomcat-embed-core-11.0.22.jar:11.0.22]
	at org.apache.catalina.valves.ErrorReportValve.invoke(ErrorReportValve.java:83) ~[tomcat-embed-core-11.0.22.jar:11.0.22]
	at org.apache.catalina.core.StandardEngineValve.invoke(StandardEngineValve.java:72) ~[tomcat-embed-core-11.0.22.jar:11.0.22]
	at org.apache.catalina.connector.CoyoteAdapter.service(CoyoteAdapter.java:341) ~[tomcat-embed-core-11.0.22.jar:11.0.22]
	at org.apache.coyote.http11.Http11Processor.service(Http11Processor.java:397) ~[tomcat-embed-core-11.0.22.jar:11.0.22]
	at org.apache.coyote.AbstractProcessorLight.process(AbstractProcessorLight.java:63) ~[tomcat-embed-core-11.0.22.jar:11.0.22]
	at org.apache.coyote.AbstractProtocol$ConnectionHandler.process(AbstractProtocol.java:1272) ~[tomcat-embed-core-11.0.22.jar:11.0.22]
	at org.apache.tomcat.util.net.NioEndpoint$SocketProcessor.doRun(NioEndpoint.java:1801) ~[tomcat-embed-core-11.0.22.jar:11.0.22]
	at org.apache.tomcat.util.net.SocketProcessorBase.run(SocketProcessorBase.java:52) ~[tomcat-embed-core-11.0.22.jar:11.0.22]
	at org.apache.tomcat.util.threads.ThreadPoolExecutor.runWorker(ThreadPoolExecutor.java:946) ~[tomcat-embed-core-11.0.22.jar:11.0.22]
	at org.apache.tomcat.util.threads.ThreadPoolExecutor$Worker.run(ThreadPoolExecutor.java:480) ~[tomcat-embed-core-11.0.22.jar:11.0.22]
	at org.apache.tomcat.util.threads.TaskThread$WrappingRunnable.run(TaskThread.java:57) ~[tomcat-embed-core-11.0.22.jar:11.0.22]
	at java.base/java.lang.Thread.run(Thread.java:1474) ~[na:na]

Hibernate: 
    select
        om1_0.id,
        om1_0.aggregate_id,
        om1_0.aggregate_type,
        om1_0.created_at,
        om1_0.event_type,
        om1_0.next_retry_at,
        om1_0.payload,
        om1_0.processed_at,
        om1_0.retry_count,
        om1_0.status 
    from
        outbox_messages om1_0 
    where
        om1_0.status=? 
        and (
            om1_0.next_retry_at is null 
            or om1_0.next_retry_at<=?
        ) 
    order by
        om1_0.created_at 
    fetch
        first ? rows only
Hibernate: 
    select
        om1_0.id,
        om1_0.aggregate_id,
        om1_0.aggregate_type,
        om1_0.created_at,
        om1_0.event_type,
        om1_0.next_retry_at,
        om1_0.payload,
        om1_0.processed_at,
        om1_0.retry_count,
        om1_0.status 
    from
        outbox_messages om1_0 
    where
        om1_0.status=? 
        and (
            om1_0.next_retry_at is null 
            or om1_0.next_retry_at<=?
        ) 
    order by
        om1_0.created_at 
    fetch
        first ? rows only
Hibernate: 
    select
        s1_0.id,
        s1_0.created_at,
        s1_0.end_time,
        s1_0.host_id,
        s1_0.start_time,
        s1_0.status,
        s1_0.version 
    from
        slots s1_0 
    where
        s1_0.status=?
Hibernate: 
    select
        u1_0.id,
        u1_0.created_at,
        u1_0.email,
        u1_0.name,
        u1_0.role 
    from
        users u1_0 
    where
        u1_0.id=?
Hibernate: 
    select
        u1_0.id,
        u1_0.created_at,
        u1_0.email,
        u1_0.name,
        u1_0.role 
    from
        users u1_0 
    where
        u1_0.id=?
Hibernate: 
    select
        om1_0.id,
        om1_0.aggregate_id,
        om1_0.aggregate_type,
        om1_0.created_at,
        om1_0.event_type,
        om1_0.next_retry_at,
        om1_0.payload,
        om1_0.processed_at,
        om1_0.retry_count,
        om1_0.status 
    from
        outbox_messages om1_0 
    where
        om1_0.status=? 
        and (
            om1_0.next_retry_at is null 
            or om1_0.next_retry_at<=?
        ) 
    order by
        om1_0.created_at 
    fetch
        first ? rows only
Hibernate: 
    select
        om1_0.id,
        om1_0.aggregate_id,
        om1_0.aggregate_type,
        om1_0.created_at,
        om1_0.event_type,
        om1_0.next_retry_at,
        om1_0.payload,
        om1_0.processed_at,
        om1_0.retry_count,
        om1_0.status 
    from
        outbox_messages om1_0 
    where
        om1_0.status=? 
        and (
            om1_0.next_retry_at is null 
            or om1_0.next_retry_at<=?
        ) 
    order by
        om1_0.created_at 
    fetch
        first ? rows only
Hibernate: 
    select
        om1_0.id,
        om1_0.aggregate_id,
        om1_0.aggregate_type,
        om1_0.created_at,
        om1_0.event_type,
        om1_0.next_retry_at,
        om1_0.payload,
        om1_0.processed_at,
        om1_0.retry_count,
        om1_0.status 
    from
        outbox_messages om1_0 
    where
        om1_0.status=? 
        and (
            om1_0.next_retry_at is null 
            or om1_0.next_retry_at<=?
        ) 
    order by
        om1_0.created_at 
    fetch
        first ? rows only
Hibernate: 
    select
        om1_0.id,
        om1_0.aggregate_id,
        om1_0.aggregate_type,
        om1_0.created_at,
        om1_0.event_type,
        om1_0.next_retry_at,
        om1_0.payload,
        om1_0.processed_at,
        om1_0.retry_count,
        om1_0.status 
    from
        outbox_messages om1_0 
    where
        om1_0.status=? 
        and (
            om1_0.next_retry_at is null 
            or om1_0.next_retry_at<=?
        ) 
    order by
        om1_0.created_at 
    fetch
        first ? rows only
Hibernate: 
    select
        om1_0.id,
        om1_0.aggregate_id,
        om1_0.aggregate_type,
        om1_0.created_at,
        om1_0.event_type,
        om1_0.next_retry_at,
        om1_0.payload,
        om1_0.processed_at,
        om1_0.retry_count,
        om1_0.status 
    from
        outbox_messages om1_0 
    where
        om1_0.status=? 
        and (
            om1_0.next_retry_at is null 
            or om1_0.next_retry_at<=?
        ) 
    order by
        om1_0.created_at 
    fetch
        first ? rows only
Hibernate: 
    select
        om1_0.id,
        om1_0.aggregate_id,
        om1_0.aggregate_type,
        om1_0.created_at,
        om1_0.event_type,
        om1_0.next_retry_at,
        om1_0.payload,
        om1_0.processed_at,
        om1_0.retry_count,
        om1_0.status 
    from
        outbox_messages om1_0 
    where
        om1_0.status=? 
        and (
            om1_0.next_retry_at is null 
            or om1_0.next_retry_at<=?
        ) 
    order by
        om1_0.created_at 
    fetch
        first ? rows only
Hibernate: 
    select
        b1_0.id,
        b1_0.client_id,
        b1_0.created_at,
        b1_0.idempotency_key,
        b1_0.slot_id,
        b1_0.status,
        b1_0.updated_at 
    from
        bookings b1_0 
    where
        b1_0.id=?
Hibernate: 
    select
        u1_0.id,
        u1_0.created_at,
        u1_0.email,
        u1_0.name,
        u1_0.role 
    from
        users u1_0 
    where
        u1_0.id=?
Hibernate: 
    select
        s1_0.id,
        s1_0.created_at,
        s1_0.end_time,
        s1_0.host_id,
        s1_0.start_time,
        s1_0.status,
        s1_0.version 
    from
        slots s1_0 
    where
        s1_0.id=?
Hibernate: 
    select
        u1_0.id,
        u1_0.created_at,
        u1_0.email,
        u1_0.name,
        u1_0.role 
    from
        users u1_0 
    where
        u1_0.id=?
Hibernate: 
    select
        om1_0.id,
        om1_0.aggregate_id,
        om1_0.aggregate_type,
        om1_0.created_at,
        om1_0.event_type,
        om1_0.next_retry_at,
        om1_0.payload,
        om1_0.processed_at,
        om1_0.retry_count,
        om1_0.status 
    from
        outbox_messages om1_0 
    where
        om1_0.status=? 
        and (
            om1_0.next_retry_at is null 
            or om1_0.next_retry_at<=?
        ) 
    order by
        om1_0.created_at 
    fetch
        first ? rows only
Hibernate: 
    select
        om1_0.id,
        om1_0.aggregate_id,
        om1_0.aggregate_type,
        om1_0.created_at,
        om1_0.event_type,
        om1_0.next_retry_at,
        om1_0.payload,
        om1_0.processed_at,
        om1_0.retry_count,
        om1_0.status 
    from
        outbox_messages om1_0 
    where
        om1_0.status=? 
        and (
            om1_0.next_retry_at is null 
            or om1_0.next_retry_at<=?
        ) 
    order by
        om1_0.created_at 
    fetch
        first ? rows only
Hibernate: 
    select
        om1_0.id,
        om1_0.aggregate_id,
        om1_0.aggregate_type,
        om1_0.created_at,
        om1_0.event_type,
        om1_0.next_retry_at,
        om1_0.payload,
        om1_0.processed_at,
        om1_0.retry_count,
        om1_0.status 
    from
        outbox_messages om1_0 
    where
        om1_0.status=? 
        and (
            om1_0.next_retry_at is null 
            or om1_0.next_retry_at<=?
        ) 
    order by
        om1_0.created_at 
    fetch
        first ? rows only
Hibernate: 
    select
        om1_0.id,
        om1_0.aggregate_id,
        om1_0.aggregate_type,
        om1_0.created_at,
        om1_0.event_type,
        om1_0.next_retry_at,
        om1_0.payload,
        om1_0.processed_at,
        om1_0.retry_count,
        om1_0.status 
    from
        outbox_messages om1_0 
    where
        om1_0.status=? 
        and (
            om1_0.next_retry_at is null 
            or om1_0.next_retry_at<=?
        ) 
    order by
        om1_0.created_at 
    fetch
        first ? rows only
Hibernate: 
    select
        om1_0.id,
        om1_0.aggregate_id,
        om1_0.aggregate_type,
        om1_0.created_at,
        om1_0.event_type,
        om1_0.next_retry_at,
        om1_0.payload,
        om1_0.processed_at,
        om1_0.retry_count,
        om1_0.status 
    from
        outbox_messages om1_0 
    where
        om1_0.status=? 
        and (
            om1_0.next_retry_at is null 
            or om1_0.next_retry_at<=?
        ) 
    order by
        om1_0.created_at 
    fetch
        first ? rows only
Hibernate: 
    select
        om1_0.id,
        om1_0.aggregate_id,
        om1_0.aggregate_type,
        om1_0.created_at,
        om1_0.event_type,
        om1_0.next_retry_at,
        om1_0.payload,
        om1_0.processed_at,
        om1_0.retry_count,
        om1_0.status 
    from
        outbox_messages om1_0 
    where
        om1_0.status=? 
        and (
            om1_0.next_retry_at is null 
            or om1_0.next_retry_at<=?
        ) 
    order by
        om1_0.created_at 
    fetch
        first ? rows only
Hibernate: 
    select
        om1_0.id,
        om1_0.aggregate_id,
        om1_0.aggregate_type,
        om1_0.created_at,
        om1_0.event_type,
        om1_0.next_retry_at,
        om1_0.payload,
        om1_0.processed_at,
        om1_0.retry_count,
        om1_0.status 
    from
        outbox_messages om1_0 
    where
        om1_0.status=? 
        and (
            om1_0.next_retry_at is null 
            or om1_0.next_retry_at<=?
        ) 
    order by
        om1_0.created_at 
    fetch
        first ? rows only
Hibernate: 
    select
        om1_0.id,
        om1_0.aggregate_id,
        om1_0.aggregate_type,
        om1_0.created_at,
        om1_0.event_type,
        om1_0.next_retry_at,
        om1_0.payload,
        om1_0.processed_at,
        om1_0.retry_count,
        om1_0.status 
    from
        outbox_messages om1_0 
    where
        om1_0.status=? 
        and (
            om1_0.next_retry_at is null 
            or om1_0.next_retry_at<=?
        ) 
    order by
        om1_0.created_at 
    fetch
        first ? rows only
Hibernate: 
    select
        om1_0.id,
        om1_0.aggregate_id,
        om1_0.aggregate_type,
        om1_0.created_at,
        om1_0.event_type,
        om1_0.next_retry_at,
        om1_0.payload,
        om1_0.processed_at,
        om1_0.retry_count,
        om1_0.status 
    from
        outbox_messages om1_0 
    where
        om1_0.status=? 
        and (
            om1_0.next_retry_at is null 
            or om1_0.next_retry_at<=?
        ) 
    order by
        om1_0.created_at 
    fetch
        first ? rows only
Hibernate: 
    select
        om1_0.id,
        om1_0.aggregate_id,
        om1_0.aggregate_type,
        om1_0.created_at,
        om1_0.event_type,
        om1_0.next_retry_at,
        om1_0.payload,
        om1_0.processed_at,
        om1_0.retry_count,
        om1_0.status 
    from
        outbox_messages om1_0 
    where
        om1_0.status=? 
        and (
            om1_0.next_retry_at is null 
            or om1_0.next_retry_at<=?
        ) 
    order by
        om1_0.created_at 
    fetch
        first ? rows only
Hibernate: 
    select
        om1_0.id,
        om1_0.aggregate_id,
        om1_0.aggregate_type,
        om1_0.created_at,
        om1_0.event_type,
        om1_0.next_retry_at,
        om1_0.payload,
        om1_0.processed_at,
        om1_0.retry_count,
        om1_0.status 
    from
        outbox_messages om1_0 
    where
        om1_0.status=? 
        and (
            om1_0.next_retry_at is null 
            or om1_0.next_retry_at<=?
        ) 
    order by
        om1_0.created_at 
    fetch
        first ? rows only
Hibernate: 
    select
        om1_0.id,
        om1_0.aggregate_id,
        om1_0.aggregate_type,
        om1_0.created_at,
        om1_0.event_type,
        om1_0.next_retry_at,
        om1_0.payload,
        om1_0.processed_at,
        om1_0.retry_count,
        om1_0.status 
    from
        outbox_messages om1_0 
    where
        om1_0.status=? 
        and (
            om1_0.next_retry_at is null 
            or om1_0.next_retry_at<=?
        ) 
    order by
        om1_0.created_at 
    fetch
        first ? rows only
Hibernate: 
    select
        om1_0.id,
        om1_0.aggregate_id,
        om1_0.aggregate_type,
        om1_0.created_at,
        om1_0.event_type,
        om1_0.next_retry_at,
        om1_0.payload,
        om1_0.processed_at,
        om1_0.retry_count,
        om1_0.status 
    from
        outbox_messages om1_0 
    where
        om1_0.status=? 
        and (
            om1_0.next_retry_at is null 
            or om1_0.next_retry_at<=?
        ) 
    order by
        om1_0.created_at 
    fetch
        first ? rows only
Hibernate: 
    select
        b1_0.id,
        b1_0.client_id,
        b1_0.created_at,
        b1_0.idempotency_key,
        b1_0.slot_id,
        b1_0.status,
        b1_0.updated_at 
    from
        bookings b1_0 
    where
        b1_0.id=?
Hibernate: 
    select
        s1_0.id,
        s1_0.created_at,
        s1_0.end_time,
        s1_0.host_id,
        s1_0.start_time,
        s1_0.status,
        s1_0.version 
    from
        slots s1_0 
    where
        s1_0.id=?
Hibernate: 
    select
        u1_0.id,
        u1_0.created_at,
        u1_0.email,
        u1_0.name,
        u1_0.role 
    from
        users u1_0 
    where
        u1_0.id=?
Hibernate: 
    select
        u1_0.id,
        u1_0.created_at,
        u1_0.email,
        u1_0.name,
        u1_0.role 
    from
        users u1_0 
    where
        u1_0.id=?
Hibernate: 
    insert 
    into
        outbox_messages
        (aggregate_id, aggregate_type, created_at, event_type, next_retry_at, payload, processed_at, retry_count, status, id) 
    values
        (?, ?, ?, ?, ?, ?, ?, ?, ?, ?)
Hibernate: 
    update
        bookings 
    set
        client_id=?,
        idempotency_key=?,
        slot_id=?,
        status=?,
        updated_at=? 
    where
        id=?
Hibernate: 
    update
        slots 
    set
        end_time=?,
        host_id=?,
        start_time=?,
        status=?,
        version=? 
    where
        id=? 
        and version=?
Hibernate: 
    select
        om1_0.id,
        om1_0.aggregate_id,
        om1_0.aggregate_type,
        om1_0.created_at,
        om1_0.event_type,
        om1_0.next_retry_at,
        om1_0.payload,
        om1_0.processed_at,
        om1_0.retry_count,
        om1_0.status 
    from
        outbox_messages om1_0 
    where
        om1_0.status=? 
        and (
            om1_0.next_retry_at is null 
            or om1_0.next_retry_at<=?
        ) 
    order by
        om1_0.created_at 
    fetch
        first ? rows only
2026-08-16T13:44:38.521+05:30  INFO 36159 --- [slot-booking-engine] [   scheduling-1] c.h.s.s.OutboxPublisherScheduler         : Found 1 PENDING outbox events to publish
Hibernate: 
    update
        outbox_messages 
    set
        aggregate_id=?,
        aggregate_type=?,
        event_type=?,
        next_retry_at=?,
        payload=?,
        processed_at=?,
        retry_count=?,
        status=? 
    where
        id=?
2026-08-16T13:44:38.561+05:30  INFO 36159 --- [slot-booking-engine] [ntContainer#1-1] c.h.s.consumer.NotificationConsumer      : 📢 [NOTIFICATION SERVICE] Processing event (Attempt 1/3)...
2026-08-16T13:44:38.561+05:30  INFO 36159 --- [slot-booking-engine] [ntContainer#1-1] c.h.s.consumer.NotificationConsumer      : ✅ [NOTIFICATION SERVICE] Successfully sent confirmation email for payload: {"bookingId":1,"slotId":1}
Hibernate: 
    select
        b1_0.id,
        b1_0.client_id,
        b1_0.created_at,
        b1_0.idempotency_key,
        b1_0.slot_id,
        b1_0.status,
        b1_0.updated_at 
    from
        bookings b1_0 
    where
        b1_0.id=?
Hibernate: 
    select
        u1_0.id,
        u1_0.created_at,
        u1_0.email,
        u1_0.name,
        u1_0.role 
    from
        users u1_0 
    where
        u1_0.id=?
Hibernate: 
    select
        s1_0.id,
        s1_0.created_at,
        s1_0.end_time,
        s1_0.host_id,
        s1_0.start_time,
        s1_0.status,
        s1_0.version 
    from
        slots s1_0 
    where
        s1_0.id=?
Hibernate: 
    select
        u1_0.id,
        u1_0.created_at,
        u1_0.email,
        u1_0.name,
        u1_0.role 
    from
        users u1_0 
    where
        u1_0.id=?
Hibernate: 
    select
        om1_0.id,
        om1_0.aggregate_id,
        om1_0.aggregate_type,
        om1_0.created_at,
        om1_0.event_type,
        om1_0.next_retry_at,
        om1_0.payload,
        om1_0.processed_at,
        om1_0.retry_count,
        om1_0.status 
    from
        outbox_messages om1_0 
    where
        om1_0.status=? 
        and (
            om1_0.next_retry_at is null 
            or om1_0.next_retry_at<=?
        ) 
    order by
        om1_0.created_at 
    fetch
        first ? rows only
Hibernate: 
    select
        om1_0.id,
        om1_0.aggregate_id,
        om1_0.aggregate_type,
        om1_0.created_at,
        om1_0.event_type,
        om1_0.next_retry_at,
        om1_0.payload,
        om1_0.processed_at,
        om1_0.retry_count,
        om1_0.status 
    from
        outbox_messages om1_0 
    where
        om1_0.status=? 
        and (
            om1_0.next_retry_at is null 
            or om1_0.next_retry_at<=?
        ) 
    order by
        om1_0.created_at 
    fetch
        first ? rows only
Hibernate: 
    select
        om1_0.id,
        om1_0.aggregate_id,
        om1_0.aggregate_type,
        om1_0.created_at,
        om1_0.event_type,
        om1_0.next_retry_at,
        om1_0.payload,
        om1_0.processed_at,
        om1_0.retry_count,
        om1_0.status 
    from
        outbox_messages om1_0 
    where
        om1_0.status=? 
        and (
            om1_0.next_retry_at is null 
            or om1_0.next_retry_at<=?
        ) 
    order by
        om1_0.created_at 
    fetch
        first ? rows only
Hibernate: 
    select
        om1_0.id,
        om1_0.aggregate_id,
        om1_0.aggregate_type,
        om1_0.created_at,
        om1_0.event_type,
        om1_0.next_retry_at,
        om1_0.payload,
        om1_0.processed_at,
        om1_0.retry_count,
        om1_0.status 
    from
        outbox_messages om1_0 
    where
        om1_0.status=? 
        and (
            om1_0.next_retry_at is null 
            or om1_0.next_retry_at<=?
        ) 
    order by
        om1_0.created_at 
    fetch
        first ? rows only
Hibernate: 
    select
        om1_0.id,
        om1_0.aggregate_id,
        om1_0.aggregate_type,
        om1_0.created_at,
        om1_0.event_type,
        om1_0.next_retry_at,
        om1_0.payload,
        om1_0.processed_at,
        om1_0.retry_count,
        om1_0.status 
    from
        outbox_messages om1_0 
    where
        om1_0.status=? 
        and (
            om1_0.next_retry_at is null 
            or om1_0.next_retry_at<=?
        ) 
    order by
        om1_0.created_at 
    fetch
        first ? rows only
Hibernate: 
    select
        s1_0.id,
        s1_0.created_at,
        s1_0.end_time,
        s1_0.host_id,
        s1_0.start_time,
        s1_0.status,
        s1_0.version 
    from
        slots s1_0 
    where
        s1_0.status=?
Hibernate: 
    select
        u1_0.id,
        u1_0.created_at,
        u1_0.email,
        u1_0.name,
        u1_0.role 
    from
        users u1_0 
    where
        u1_0.id=?
Hibernate: 
    select
        u1_0.id,
        u1_0.created_at,
        u1_0.email,
        u1_0.name,
        u1_0.role 
    from
        users u1_0 
    where
        u1_0.id=?
Hibernate: 
    select
        om1_0.id,
        om1_0.aggregate_id,
        om1_0.aggregate_type,
        om1_0.created_at,
        om1_0.event_type,
        om1_0.next_retry_at,
        om1_0.payload,
        om1_0.processed_at,
        om1_0.retry_count,
        om1_0.status 
    from
        outbox_messages om1_0 
    where
        om1_0.status=? 
        and (
            om1_0.next_retry_at is null 
            or om1_0.next_retry_at<=?
        ) 
    order by
        om1_0.created_at 
    fetch
        first ? rows only
2026-08-16T13:44:57.331+05:30  WARN 36159 --- [slot-booking-engine] [nio-8080-exec-1] c.h.s.config.RateLimitInterceptor        : Rate limit exceeded for clientKey='rate_limit_ip_0:0:0:0:0:0:0:1'. Retry after 54s
2026-08-16T13:44:57.342+05:30  WARN 36159 --- [slot-booking-engine] [nio-8080-exec-4] c.h.s.config.RateLimitInterceptor        : Rate limit exceeded for clientKey='rate_limit_ip_0:0:0:0:0:0:0:1'. Retry after 54s
2026-08-16T13:44:57.345+05:30  WARN 36159 --- [slot-booking-engine] [nio-8080-exec-5] c.h.s.config.RateLimitInterceptor        : Rate limit exceeded for clientKey='rate_limit_ip_0:0:0:0:0:0:0:1'. Retry after 54s
2026-08-16T13:44:57.347+05:30  WARN 36159 --- [slot-booking-engine] [nio-8080-exec-6] c.h.s.config.RateLimitInterceptor        : Rate limit exceeded for clientKey='rate_limit_ip_0:0:0:0:0:0:0:1'. Retry after 54s
2026-08-16T13:44:57.349+05:30  WARN 36159 --- [slot-booking-engine] [nio-8080-exec-7] c.h.s.config.RateLimitInterceptor        : Rate limit exceeded for clientKey='rate_limit_ip_0:0:0:0:0:0:0:1'. Retry after 54s
2026-08-16T13:44:57.351+05:30  WARN 36159 --- [slot-booking-engine] [nio-8080-exec-1] c.h.s.config.RateLimitInterceptor        : Rate limit exceeded for clientKey='rate_limit_ip_0:0:0:0:0:0:0:1'. Retry after 54s
2026-08-16T13:44:57.354+05:30  WARN 36159 --- [slot-booking-engine] [nio-8080-exec-4] c.h.s.config.RateLimitInterceptor        : Rate limit exceeded for clientKey='rate_limit_ip_0:0:0:0:0:0:0:1'. Retry after 54s
2026-08-16T13:44:57.356+05:30  WARN 36159 --- [slot-booking-engine] [nio-8080-exec-5] c.h.s.config.RateLimitInterceptor        : Rate limit exceeded for clientKey='rate_limit_ip_0:0:0:0:0:0:0:1'. Retry after 54s
2026-08-16T13:44:57.359+05:30  WARN 36159 --- [slot-booking-engine] [nio-8080-exec-6] c.h.s.config.RateLimitInterceptor        : Rate limit exceeded for clientKey='rate_limit_ip_0:0:0:0:0:0:0:1'. Retry after 54s
2026-08-16T13:44:57.361+05:30  WARN 36159 --- [slot-booking-engine] [nio-8080-exec-7] c.h.s.config.RateLimitInterceptor        : Rate limit exceeded for clientKey='rate_limit_ip_0:0:0:0:0:0:0:1'. Retry after 54s
2026-08-16T13:44:57.365+05:30  WARN 36159 --- [slot-booking-engine] [nio-8080-exec-1] c.h.s.config.RateLimitInterceptor        : Rate limit exceeded for clientKey='rate_limit_ip_0:0:0:0:0:0:0:1'. Retry after 54s
2026-08-16T13:44:57.368+05:30  WARN 36159 --- [slot-booking-engine] [nio-8080-exec-4] c.h.s.config.RateLimitInterceptor        : Rate limit exceeded for clientKey='rate_limit_ip_0:0:0:0:0:0:0:1'. Retry after 54s
2026-08-16T13:44:57.372+05:30  WARN 36159 --- [slot-booking-engine] [nio-8080-exec-5] c.h.s.config.RateLimitInterceptor        : Rate limit exceeded for clientKey='rate_limit_ip_0:0:0:0:0:0:0:1'. Retry after 54s
2026-08-16T13:44:57.375+05:30  WARN 36159 --- [slot-booking-engine] [nio-8080-exec-6] c.h.s.config.RateLimitInterceptor        : Rate limit exceeded for clientKey='rate_limit_ip_0:0:0:0:0:0:0:1'. Retry after 54s
2026-08-16T13:44:57.376+05:30  WARN 36159 --- [slot-booking-engine] [nio-8080-exec-7] c.h.s.config.RateLimitInterceptor        : Rate limit exceeded for clientKey='rate_limit_ip_0:0:0:0:0:0:0:1'. Retry after 54s
2026-08-16T13:44:57.380+05:30  WARN 36159 --- [slot-booking-engine] [nio-8080-exec-1] c.h.s.config.RateLimitInterceptor        : Rate limit exceeded for clientKey='rate_limit_ip_0:0:0:0:0:0:0:1'. Retry after 54s
2026-08-16T13:44:57.382+05:30  WARN 36159 --- [slot-booking-engine] [nio-8080-exec-4] c.h.s.config.RateLimitInterceptor        : Rate limit exceeded for clientKey='rate_limit_ip_0:0:0:0:0:0:0:1'. Retry after 54s
2026-08-16T13:44:57.384+05:30  WARN 36159 --- [slot-booking-engine] [nio-8080-exec-5] c.h.s.config.RateLimitInterceptor        : Rate limit exceeded for clientKey='rate_limit_ip_0:0:0:0:0:0:0:1'. Retry after 54s
2026-08-16T13:44:57.387+05:30  WARN 36159 --- [slot-booking-engine] [nio-8080-exec-6] c.h.s.config.RateLimitInterceptor        : Rate limit exceeded for clientKey='rate_limit_ip_0:0:0:0:0:0:0:1'. Retry after 54s
2026-08-16T13:44:57.389+05:30  WARN 36159 --- [slot-booking-engine] [nio-8080-exec-7] c.h.s.config.RateLimitInterceptor        : Rate limit exceeded for clientKey='rate_limit_ip_0:0:0:0:0:0:0:1'. Retry after 54s
2026-08-16T13:44:57.391+05:30  INFO 36159 --- [slot-booking-engine] [nio-8080-exec-9] c.h.s.service.DistributedLockService     : Lock acquired successfully for key: lock:slot:2
2026-08-16T13:44:57.391+05:30  WARN 36159 --- [slot-booking-engine] [nio-8080-exec-1] c.h.s.config.RateLimitInterceptor        : Rate limit exceeded for clientKey='rate_limit_ip_0:0:0:0:0:0:0:1'. Retry after 54s
2026-08-16T13:44:57.393+05:30  WARN 36159 --- [slot-booking-engine] [nio-8080-exec-4] c.h.s.config.RateLimitInterceptor        : Rate limit exceeded for clientKey='rate_limit_ip_0:0:0:0:0:0:0:1'. Retry after 54s
Hibernate: 
    select
        b1_0.id,
        b1_0.client_id,
        b1_0.created_at,
        b1_0.idempotency_key,
        b1_0.slot_id,
        b1_0.status,
        b1_0.updated_at 
    from
        bookings b1_0 
    where
        b1_0.idempotency_key=?
2026-08-16T13:44:57.396+05:30  WARN 36159 --- [slot-booking-engine] [nio-8080-exec-5] c.h.s.config.RateLimitInterceptor        : Rate limit exceeded for clientKey='rate_limit_ip_0:0:0:0:0:0:0:1'. Retry after 54s
Hibernate: 
    select
        u1_0.id,
        u1_0.created_at,
        u1_0.email,
        u1_0.name,
        u1_0.role 
    from
        users u1_0 
    where
        u1_0.id=?
2026-08-16T13:44:57.399+05:30  WARN 36159 --- [slot-booking-engine] [nio-8080-exec-6] c.h.s.config.RateLimitInterceptor        : Rate limit exceeded for clientKey='rate_limit_ip_0:0:0:0:0:0:0:1'. Retry after 54s
2026-08-16T13:44:57.401+05:30  WARN 36159 --- [slot-booking-engine] [nio-8080-exec-7] c.h.s.config.RateLimitInterceptor        : Rate limit exceeded for clientKey='rate_limit_ip_0:0:0:0:0:0:0:1'. Retry after 54s
2026-08-16T13:44:57.403+05:30  WARN 36159 --- [slot-booking-engine] [nio-8080-exec-1] c.h.s.config.RateLimitInterceptor        : Rate limit exceeded for clientKey='rate_limit_ip_0:0:0:0:0:0:0:1'. Retry after 54s
2026-08-16T13:44:57.405+05:30  INFO 36159 --- [slot-booking-engine] [nio-8080-exec-9] c.h.s.service.DistributedLockService     : Lock released for key: lock:slot:2
2026-08-16T13:44:57.405+05:30  WARN 36159 --- [slot-booking-engine] [nio-8080-exec-4] c.h.s.config.RateLimitInterceptor        : Rate limit exceeded for clientKey='rate_limit_ip_0:0:0:0:0:0:0:1'. Retry after 54s
2026-08-16T13:44:57.406+05:30  INFO 36159 --- [slot-booking-engine] [nio-8080-exec-8] c.h.s.service.DistributedLockService     : Lock acquired successfully for key: lock:slot:2
2026-08-16T13:44:57.406+05:30  WARN 36159 --- [slot-booking-engine] [nio-8080-exec-9] c.h.s.exception.GlobalExceptionHandler   : Invalid booking request: User with ID 2 is not a valid Client
2026-08-16T13:44:57.407+05:30  WARN 36159 --- [slot-booking-engine] [nio-8080-exec-5] c.h.s.config.RateLimitInterceptor        : Rate limit exceeded for clientKey='rate_limit_ip_0:0:0:0:0:0:0:1'. Retry after 54s
Hibernate: 
    select
        b1_0.id,
        b1_0.client_id,
        b1_0.created_at,
        b1_0.idempotency_key,
        b1_0.slot_id,
        b1_0.status,
        b1_0.updated_at 
    from
        bookings b1_0 
    where
        b1_0.idempotency_key=?
2026-08-16T13:44:57.409+05:30  WARN 36159 --- [slot-booking-engine] [nio-8080-exec-6] c.h.s.config.RateLimitInterceptor        : Rate limit exceeded for clientKey='rate_limit_ip_0:0:0:0:0:0:0:1'. Retry after 54s
2026-08-16T13:44:57.409+05:30  WARN 36159 --- [slot-booking-engine] [nio-8080-exec-7] c.h.s.config.RateLimitInterceptor        : Rate limit exceeded for clientKey='rate_limit_ip_0:0:0:0:0:0:0:1'. Retry after 54s
2026-08-16T13:44:57.412+05:30  WARN 36159 --- [slot-booking-engine] [nio-8080-exec-4] c.h.s.config.RateLimitInterceptor        : Rate limit exceeded for clientKey='rate_limit_ip_0:0:0:0:0:0:0:1'. Retry after 54s
2026-08-16T13:44:57.412+05:30  WARN 36159 --- [slot-booking-engine] [nio-8080-exec-1] c.h.s.config.RateLimitInterceptor        : Rate limit exceeded for clientKey='rate_limit_ip_0:0:0:0:0:0:0:1'. Retry after 54s
Hibernate: 
    select
        u1_0.id,
        u1_0.created_at,
        u1_0.email,
        u1_0.name,
        u1_0.role 
    from
        users u1_0 
    where
        u1_0.id=?
2026-08-16T13:44:57.418+05:30  WARN 36159 --- [slot-booking-engine] [nio-8080-exec-5] c.h.s.config.RateLimitInterceptor        : Rate limit exceeded for clientKey='rate_limit_ip_0:0:0:0:0:0:0:1'. Retry after 54s
2026-08-16T13:44:57.418+05:30  WARN 36159 --- [slot-booking-engine] [nio-8080-exec-9] c.h.s.config.RateLimitInterceptor        : Rate limit exceeded for clientKey='rate_limit_ip_0:0:0:0:0:0:0:1'. Retry after 54s
2026-08-16T13:44:57.420+05:30  WARN 36159 --- [slot-booking-engine] [nio-8080-exec-6] c.h.s.config.RateLimitInterceptor        : Rate limit exceeded for clientKey='rate_limit_ip_0:0:0:0:0:0:0:1'. Retry after 54s
2026-08-16T13:44:57.422+05:30  INFO 36159 --- [slot-booking-engine] [nio-8080-exec-8] c.h.s.service.DistributedLockService     : Lock released for key: lock:slot:2
2026-08-16T13:44:57.424+05:30  INFO 36159 --- [slot-booking-engine] [io-8080-exec-10] c.h.s.service.DistributedLockService     : Lock acquired successfully for key: lock:slot:2
2026-08-16T13:44:57.424+05:30  WARN 36159 --- [slot-booking-engine] [nio-8080-exec-4] c.h.s.config.RateLimitInterceptor        : Rate limit exceeded for clientKey='rate_limit_ip_0:0:0:0:0:0:0:1'. Retry after 54s
2026-08-16T13:44:57.424+05:30  WARN 36159 --- [slot-booking-engine] [nio-8080-exec-7] c.h.s.config.RateLimitInterceptor        : Rate limit exceeded for clientKey='rate_limit_ip_0:0:0:0:0:0:0:1'. Retry after 54s
Hibernate: 
    select
        b1_0.id,
        b1_0.client_id,
        b1_0.created_at,
        b1_0.idempotency_key,
        b1_0.slot_id,
        b1_0.status,
        b1_0.updated_at 
    from
        bookings b1_0 
    where
        b1_0.idempotency_key=?
2026-08-16T13:44:57.425+05:30  WARN 36159 --- [slot-booking-engine] [nio-8080-exec-8] c.h.s.exception.GlobalExceptionHandler   : Invalid booking request: User with ID 1 is not a valid Client
Hibernate: 
    select
        u1_0.id,
        u1_0.created_at,
        u1_0.email,
        u1_0.name,
        u1_0.role 
    from
        users u1_0 
    where
        u1_0.id=?
2026-08-16T13:44:57.431+05:30  WARN 36159 --- [slot-booking-engine] [nio-8080-exec-1] c.h.s.config.RateLimitInterceptor        : Rate limit exceeded for clientKey='rate_limit_ip_0:0:0:0:0:0:0:1'. Retry after 54s
2026-08-16T13:44:57.431+05:30  WARN 36159 --- [slot-booking-engine] [nio-8080-exec-8] c.h.s.config.RateLimitInterceptor        : Rate limit exceeded for clientKey='rate_limit_ip_0:0:0:0:0:0:0:1'. Retry after 54s
2026-08-16T13:44:57.431+05:30  WARN 36159 --- [slot-booking-engine] [nio-8080-exec-5] c.h.s.config.RateLimitInterceptor        : Rate limit exceeded for clientKey='rate_limit_ip_0:0:0:0:0:0:0:1'. Retry after 54s
2026-08-16T13:44:57.435+05:30  WARN 36159 --- [slot-booking-engine] [nio-8080-exec-7] c.h.s.config.RateLimitInterceptor        : Rate limit exceeded for clientKey='rate_limit_ip_0:0:0:0:0:0:0:1'. Retry after 54s
2026-08-16T13:44:57.435+05:30  WARN 36159 --- [slot-booking-engine] [nio-8080-exec-6] c.h.s.config.RateLimitInterceptor        : Rate limit exceeded for clientKey='rate_limit_ip_0:0:0:0:0:0:0:1'. Retry after 54s
2026-08-16T13:44:57.436+05:30  WARN 36159 --- [slot-booking-engine] [nio-8080-exec-4] c.h.s.config.RateLimitInterceptor        : Rate limit exceeded for clientKey='rate_limit_ip_0:0:0:0:0:0:0:1'. Retry after 54s
2026-08-16T13:44:57.438+05:30  WARN 36159 --- [slot-booking-engine] [nio-8080-exec-1] c.h.s.config.RateLimitInterceptor        : Rate limit exceeded for clientKey='rate_limit_ip_0:0:0:0:0:0:0:1'. Retry after 54s
2026-08-16T13:44:57.438+05:30  WARN 36159 --- [slot-booking-engine] [nio-8080-exec-9] c.h.s.config.RateLimitInterceptor        : Rate limit exceeded for clientKey='rate_limit_ip_0:0:0:0:0:0:0:1'. Retry after 54s
Hibernate: 
    select
        s1_0.id,
        s1_0.created_at,
        s1_0.end_time,
        s1_0.host_id,
        h1_0.id,
        h1_0.created_at,
        h1_0.email,
        h1_0.name,
        h1_0.role,
        s1_0.start_time,
        s1_0.status,
        s1_0.version 
    from
        slots s1_0 
    join
        users h1_0 
            on h1_0.id=s1_0.host_id 
    where
        s1_0.id=?
Hibernate: 
    insert 
    into
        bookings
        (client_id, created_at, idempotency_key, slot_id, status, updated_at) 
    values
        (?, ?, ?, ?, ?, ?)
2026-08-16T13:44:57.458+05:30  INFO 36159 --- [slot-booking-engine] [io-8080-exec-10] c.h.s.service.OutboxService              : Outbox event saved: type=BOOKING_CONFIRMED, aggregateId=2
2026-08-16T13:44:57.458+05:30  INFO 36159 --- [slot-booking-engine] [io-8080-exec-10] c.h.s.service.BookingTransactionService  : Booking confirmed successfully: bookingId=2, slotId=2
Hibernate: 
    insert 
    into
        outbox_messages
        (aggregate_id, aggregate_type, created_at, event_type, next_retry_at, payload, processed_at, retry_count, status, id) 
    values
        (?, ?, ?, ?, ?, ?, ?, ?, ?, ?)
Hibernate: 
    update
        slots 
    set
        end_time=?,
        host_id=?,
        start_time=?,
        status=?,
        version=? 
    where
        id=? 
        and version=?
2026-08-16T13:44:57.467+05:30  INFO 36159 --- [slot-booking-engine] [io-8080-exec-10] c.h.s.service.DistributedLockService     : Lock released for key: lock:slot:2
2026-08-16T13:44:57.468+05:30  INFO 36159 --- [slot-booking-engine] [nio-8080-exec-2] c.h.s.service.DistributedLockService     : Lock acquired successfully for key: lock:slot:2
Hibernate: 
    select
        b1_0.id,
        b1_0.client_id,
        b1_0.created_at,
        b1_0.idempotency_key,
        b1_0.slot_id,
        b1_0.status,
        b1_0.updated_at 
    from
        bookings b1_0 
    where
        b1_0.idempotency_key=?
Hibernate: 
    select
        u1_0.id,
        u1_0.created_at,
        u1_0.email,
        u1_0.name,
        u1_0.role 
    from
        users u1_0 
    where
        u1_0.id=?
2026-08-16T13:44:57.472+05:30  INFO 36159 --- [slot-booking-engine] [nio-8080-exec-2] c.h.s.service.DistributedLockService     : Lock released for key: lock:slot:2
2026-08-16T13:44:57.472+05:30  WARN 36159 --- [slot-booking-engine] [nio-8080-exec-2] c.h.s.exception.GlobalExceptionHandler   : Resource not found: Client not found with id : 5
2026-08-16T13:44:57.474+05:30  INFO 36159 --- [slot-booking-engine] [nio-8080-exec-3] c.h.s.service.DistributedLockService     : Lock acquired successfully for key: lock:slot:2
Hibernate: 
    select
        b1_0.id,
        b1_0.client_id,
        b1_0.created_at,
        b1_0.idempotency_key,
        b1_0.slot_id,
        b1_0.status,
        b1_0.updated_at 
    from
        bookings b1_0 
    where
        b1_0.idempotency_key=?
Hibernate: 
    select
        u1_0.id,
        u1_0.created_at,
        u1_0.email,
        u1_0.name,
        u1_0.role 
    from
        users u1_0 
    where
        u1_0.id=?
2026-08-16T13:44:57.477+05:30  INFO 36159 --- [slot-booking-engine] [nio-8080-exec-3] c.h.s.service.DistributedLockService     : Lock released for key: lock:slot:2
2026-08-16T13:44:57.477+05:30  WARN 36159 --- [slot-booking-engine] [nio-8080-exec-3] c.h.s.exception.GlobalExceptionHandler   : Resource not found: Client not found with id : 6
Hibernate: 
    select
        om1_0.id,
        om1_0.aggregate_id,
        om1_0.aggregate_type,
        om1_0.created_at,
        om1_0.event_type,
        om1_0.next_retry_at,
        om1_0.payload,
        om1_0.processed_at,
        om1_0.retry_count,
        om1_0.status 
    from
        outbox_messages om1_0 
    where
        om1_0.status=? 
        and (
            om1_0.next_retry_at is null 
            or om1_0.next_retry_at<=?
        ) 
    order by
        om1_0.created_at 
    fetch
        first ? rows only
2026-08-16T13:44:59.645+05:30  INFO 36159 --- [slot-booking-engine] [   scheduling-1] c.h.s.s.OutboxPublisherScheduler         : Found 1 PENDING outbox events to publish
Hibernate: 
    update
        outbox_messages 
    set
        aggregate_id=?,
        aggregate_type=?,
        event_type=?,
        next_retry_at=?,
        payload=?,
        processed_at=?,
        retry_count=?,
        status=? 
    where
        id=?
2026-08-16T13:44:59.655+05:30  INFO 36159 --- [slot-booking-engine] [ntContainer#1-1] c.h.s.consumer.NotificationConsumer      : 📢 [NOTIFICATION SERVICE] Processing event (Attempt 1/3)...
2026-08-16T13:44:59.656+05:30  INFO 36159 --- [slot-booking-engine] [ntContainer#1-1] c.h.s.consumer.NotificationConsumer      : ✅ [NOTIFICATION SERVICE] Successfully sent confirmation email for payload: {"bookingId":2,"slotId":2,"clientId":3,"clientName":"Charlie Client","clientEmail":"charlie.client@gmail.com","hostId":1,"hostName":"Alice Host","startTime":"2026-08-17T19:00:00Z","endTime":"2026-08-17T20:00:00Z","status":"CONFIRMED","idempotencyKey":"stress-1786868097275-2","createdAt":"2026-08-16T08:14:57.447520Z"}
Hibernate: 
    select
        om1_0.id,
        om1_0.aggregate_id,
        om1_0.aggregate_type,
        om1_0.created_at,
        om1_0.event_type,
        om1_0.next_retry_at,
        om1_0.payload,
        om1_0.processed_at,
        om1_0.retry_count,
        om1_0.status 
    from
        outbox_messages om1_0 
    where
        om1_0.status=? 
        and (
            om1_0.next_retry_at is null 
            or om1_0.next_retry_at<=?
        ) 
    order by
        om1_0.created_at 
    fetch
        first ? rows only
Hibernate: 
    select
        s1_0.id,
        s1_0.created_at,
        s1_0.end_time,
        s1_0.host_id,
        s1_0.start_time,
        s1_0.status,
        s1_0.version 
    from
        slots s1_0 
    where
        s1_0.status=?
Hibernate: 
    select
        u1_0.id,
        u1_0.created_at,
        u1_0.email,
        u1_0.name,
        u1_0.role 
    from
        users u1_0 
    where
        u1_0.id=?
Hibernate: 
    select
        u1_0.id,
        u1_0.created_at,
        u1_0.email,
        u1_0.name,
        u1_0.role 
    from
        users u1_0 
    where
        u1_0.id=?
Hibernate: 
    select
        om1_0.id,
        om1_0.aggregate_id,
        om1_0.aggregate_type,
        om1_0.created_at,
        om1_0.event_type,
        om1_0.next_retry_at,
        om1_0.payload,
        om1_0.processed_at,
        om1_0.retry_count,
        om1_0.status 
    from
        outbox_messages om1_0 
    where
        om1_0.status=? 
        and (
            om1_0.next_retry_at is null 
            or om1_0.next_retry_at<=?
        ) 
    order by
        om1_0.created_at 
    fetch
        first ? rows only
Hibernate: 
    select
        om1_0.id,
        om1_0.aggregate_id,
        om1_0.aggregate_type,
        om1_0.created_at,
        om1_0.event_type,
        om1_0.next_retry_at,
        om1_0.payload,
        om1_0.processed_at,
        om1_0.retry_count,
        om1_0.status 
    from
        outbox_messages om1_0 
    where
        om1_0.status=? 
        and (
            om1_0.next_retry_at is null 
            or om1_0.next_retry_at<=?
        ) 
    order by
        om1_0.created_at 
    fetch
        first ? rows only
Hibernate: 
    select
        om1_0.id,
        om1_0.aggregate_id,
        om1_0.aggregate_type,
        om1_0.created_at,
        om1_0.event_type,
        om1_0.next_retry_at,
        om1_0.payload,
        om1_0.processed_at,
        om1_0.retry_count,
        om1_0.status 
    from
        outbox_messages om1_0 
    where
        om1_0.status=? 
        and (
            om1_0.next_retry_at is null 
            or om1_0.next_retry_at<=?
        ) 
    order by
        om1_0.created_at 
    fetch
        first ? rows only
Hibernate: 
    select
        om1_0.id,
        om1_0.aggregate_id,
        om1_0.aggregate_type,
        om1_0.created_at,
        om1_0.event_type,
        om1_0.next_retry_at,
        om1_0.payload,
        om1_0.processed_at,
        om1_0.retry_count,
        om1_0.status 
    from
        outbox_messages om1_0 
    where
        om1_0.status=? 
        and (
            om1_0.next_retry_at is null 
            or om1_0.next_retry_at<=?
        ) 
    order by
        om1_0.created_at 
    fetch
        first ? rows only
Hibernate: 
    select
        om1_0.id,
        om1_0.aggregate_id,
        om1_0.aggregate_type,
        om1_0.created_at,
        om1_0.event_type,
        om1_0.next_retry_at,
        om1_0.payload,
        om1_0.processed_at,
        om1_0.retry_count,
        om1_0.status 
    from
        outbox_messages om1_0 
    where
        om1_0.status=? 
        and (
            om1_0.next_retry_at is null 
            or om1_0.next_retry_at<=?
        ) 
    order by
        om1_0.created_at 
    fetch
        first ? rows only
Hibernate: 
    select
        om1_0.id,
        om1_0.aggregate_id,
        om1_0.aggregate_type,
        om1_0.created_at,
        om1_0.event_type,
        om1_0.next_retry_at,
        om1_0.payload,
        om1_0.processed_at,
        om1_0.retry_count,
        om1_0.status 
    from
        outbox_messages om1_0 
    where
        om1_0.status=? 
        and (
            om1_0.next_retry_at is null 
            or om1_0.next_retry_at<=?
        ) 
    order by
        om1_0.created_at 
    fetch
        first ? rows only
Hibernate: 
    select
        om1_0.id,
        om1_0.aggregate_id,
        om1_0.aggregate_type,
        om1_0.created_at,
        om1_0.event_type,
        om1_0.next_retry_at,
        om1_0.payload,
        om1_0.processed_at,
        om1_0.retry_count,
        om1_0.status 
    from
        outbox_messages om1_0 
    where
        om1_0.status=? 
        and (
            om1_0.next_retry_at is null 
            or om1_0.next_retry_at<=?
        ) 
    order by
        om1_0.created_at 
    fetch
        first ? rows only
Hibernate: 
    select
        om1_0.id,
        om1_0.aggregate_id,
        om1_0.aggregate_type,
        om1_0.created_at,
        om1_0.event_type,
        om1_0.next_retry_at,
        om1_0.payload,
        om1_0.processed_at,
        om1_0.retry_count,
        om1_0.status 
    from
        outbox_messages om1_0 
    where
        om1_0.status=? 
        and (
            om1_0.next_retry_at is null 
            or om1_0.next_retry_at<=?
        ) 
    order by
        om1_0.created_at 
    fetch
        first ? rows only
Hibernate: 
    select
        om1_0.id,
        om1_0.aggregate_id,
        om1_0.aggregate_type,
        om1_0.created_at,
        om1_0.event_type,
        om1_0.next_retry_at,
        om1_0.payload,
        om1_0.processed_at,
        om1_0.retry_count,
        om1_0.status 
    from
        outbox_messages om1_0 
    where
        om1_0.status=? 
        and (
            om1_0.next_retry_at is null 
            or om1_0.next_retry_at<=?
        ) 
    order by
        om1_0.created_at 
    fetch
        first ? rows only
Hibernate: 
    select
        om1_0.id,
        om1_0.aggregate_id,
        om1_0.aggregate_type,
        om1_0.created_at,
        om1_0.event_type,
        om1_0.next_retry_at,
        om1_0.payload,
        om1_0.processed_at,
        om1_0.retry_count,
        om1_0.status 
    from
        outbox_messages om1_0 
    where
        om1_0.status=? 
        and (
            om1_0.next_retry_at is null 
            or om1_0.next_retry_at<=?
        ) 
    order by
        om1_0.created_at 
    fetch
        first ? rows only
Hibernate: 
    select
        om1_0.id,
        om1_0.aggregate_id,
        om1_0.aggregate_type,
        om1_0.created_at,
        om1_0.event_type,
        om1_0.next_retry_at,
        om1_0.payload,
        om1_0.processed_at,
        om1_0.retry_count,
        om1_0.status 
    from
        outbox_messages om1_0 
    where
        om1_0.status=? 
        and (
            om1_0.next_retry_at is null 
            or om1_0.next_retry_at<=?
        ) 
    order by
        om1_0.created_at 
    fetch
        first ? rows only
Hibernate: 
    select
        om1_0.id,
        om1_0.aggregate_id,
        om1_0.aggregate_type,
        om1_0.created_at,
        om1_0.event_type,
        om1_0.next_retry_at,
        om1_0.payload,
        om1_0.processed_at,
        om1_0.retry_count,
        om1_0.status 
    from
        outbox_messages om1_0 
    where
        om1_0.status=? 
        and (
            om1_0.next_retry_at is null 
            or om1_0.next_retry_at<=?
        ) 
    order by
        om1_0.created_at 
    fetch
        first ? rows only
Hibernate: 
    select
        om1_0.id,
        om1_0.aggregate_id,
        om1_0.aggregate_type,
        om1_0.created_at,
        om1_0.event_type,
        om1_0.next_retry_at,
        om1_0.payload,
        om1_0.processed_at,
        om1_0.retry_count,
        om1_0.status 
    from
        outbox_messages om1_0 
    where
        om1_0.status=? 
        and (
            om1_0.next_retry_at is null 
            or om1_0.next_retry_at<=?
        ) 
    order by
        om1_0.created_at 
    fetch
        first ? rows only
Hibernate: 
    select
        om1_0.id,
        om1_0.aggregate_id,
        om1_0.aggregate_type,
        om1_0.created_at,
        om1_0.event_type,
        om1_0.next_retry_at,
        om1_0.payload,
        om1_0.processed_at,
        om1_0.retry_count,
        om1_0.status 
    from
        outbox_messages om1_0 
    where
        om1_0.status=? 
        and (
            om1_0.next_retry_at is null 
            or om1_0.next_retry_at<=?
        ) 
    order by
        om1_0.created_at 
    fetch
        first ? rows only
Hibernate: 
    select
        om1_0.id,
        om1_0.aggregate_id,
        om1_0.aggregate_type,
        om1_0.created_at,
        om1_0.event_type,
        om1_0.next_retry_at,
        om1_0.payload,
        om1_0.processed_at,
        om1_0.retry_count,
        om1_0.status 
    from
        outbox_messages om1_0 
    where
        om1_0.status=? 
        and (
            om1_0.next_retry_at is null 
            or om1_0.next_retry_at<=?
        ) 
    order by
        om1_0.created_at 
    fetch
        first ? rows only
Hibernate: 
    select
        om1_0.id,
        om1_0.aggregate_id,
        om1_0.aggregate_type,
        om1_0.created_at,
        om1_0.event_type,
        om1_0.next_retry_at,
        om1_0.payload,
        om1_0.processed_at,
        om1_0.retry_count,
        om1_0.status 
    from
        outbox_messages om1_0 
    where
        om1_0.status=? 
        and (
            om1_0.next_retry_at is null 
            or om1_0.next_retry_at<=?
        ) 
    order by
        om1_0.created_at 
    fetch
        first ? rows only
Hibernate: 
    select
        om1_0.id,
        om1_0.aggregate_id,
        om1_0.aggregate_type,
        om1_0.created_at,
        om1_0.event_type,
        om1_0.next_retry_at,
        om1_0.payload,
        om1_0.processed_at,
        om1_0.retry_count,
        om1_0.status 
    from
        outbox_messages om1_0 
    where
        om1_0.status=? 
        and (
            om1_0.next_retry_at is null 
            or om1_0.next_retry_at<=?
        ) 
    order by
        om1_0.created_at 
    fetch
        first ? rows only
Hibernate: 
    select
        om1_0.id,
        om1_0.aggregate_id,
        om1_0.aggregate_type,
        om1_0.created_at,
        om1_0.event_type,
        om1_0.next_retry_at,
        om1_0.payload,
        om1_0.processed_at,
        om1_0.retry_count,
        om1_0.status 
    from
        outbox_messages om1_0 
    where
        om1_0.status=? 
        and (
            om1_0.next_retry_at is null 
            or om1_0.next_retry_at<=?
        ) 
    order by
        om1_0.created_at 
    fetch
        first ? rows only
Hibernate: 
    select
        om1_0.id,
        om1_0.aggregate_id,
        om1_0.aggregate_type,
        om1_0.created_at,
        om1_0.event_type,
        om1_0.next_retry_at,
        om1_0.payload,
        om1_0.processed_at,
        om1_0.retry_count,
        om1_0.status 
    from
        outbox_messages om1_0 
    where
        om1_0.status=? 
        and (
            om1_0.next_retry_at is null 
            or om1_0.next_retry_at<=?
        ) 
    order by
        om1_0.created_at 
    fetch
        first ? rows only
Hibernate: 
    select
        om1_0.id,
        om1_0.aggregate_id,
        om1_0.aggregate_type,
        om1_0.created_at,
        om1_0.event_type,
        om1_0.next_retry_at,
        om1_0.payload,
        om1_0.processed_at,
        om1_0.retry_count,
        om1_0.status 
    from
        outbox_messages om1_0 
    where
        om1_0.status=? 
        and (
            om1_0.next_retry_at is null 
            or om1_0.next_retry_at<=?
        ) 
    order by
        om1_0.created_at 
    fetch
        first ? rows only
Hibernate: 
    select
        om1_0.id,
        om1_0.aggregate_id,
        om1_0.aggregate_type,
        om1_0.created_at,
        om1_0.event_type,
        om1_0.next_retry_at,
        om1_0.payload,
        om1_0.processed_at,
        om1_0.retry_count,
        om1_0.status 
    from
        outbox_messages om1_0 
    where
        om1_0.status=? 
        and (
            om1_0.next_retry_at is null 
            or om1_0.next_retry_at<=?
        ) 
    order by
        om1_0.created_at 
    fetch
        first ? rows only
Hibernate: 
    select
        om1_0.id,
        om1_0.aggregate_id,
        om1_0.aggregate_type,
        om1_0.created_at,
        om1_0.event_type,
        om1_0.next_retry_at,
        om1_0.payload,
        om1_0.processed_at,
        om1_0.retry_count,
        om1_0.status 
    from
        outbox_messages om1_0 
    where
        om1_0.status=? 
        and (
            om1_0.next_retry_at is null 
            or om1_0.next_retry_at<=?
        ) 
    order by
        om1_0.created_at 
    fetch
        first ? rows only
Hibernate: 
    select
        om1_0.id,
        om1_0.aggregate_id,
        om1_0.aggregate_type,
        om1_0.created_at,
        om1_0.event_type,
        om1_0.next_retry_at,
        om1_0.payload,
        om1_0.processed_at,
        om1_0.retry_count,
        om1_0.status 
    from
        outbox_messages om1_0 
    where
        om1_0.status=? 
        and (
            om1_0.next_retry_at is null 
            or om1_0.next_retry_at<=?
        ) 
    order by
        om1_0.created_at 
    fetch
        first ? rows only
Hibernate: 
    select
        om1_0.id,
        om1_0.aggregate_id,
        om1_0.aggregate_type,
        om1_0.created_at,
        om1_0.event_type,
        om1_0.next_retry_at,
        om1_0.payload,
        om1_0.processed_at,
        om1_0.retry_count,
        om1_0.status 
    from
        outbox_messages om1_0 
    where
        om1_0.status=? 
        and (
            om1_0.next_retry_at is null 
            or om1_0.next_retry_at<=?
        ) 
    order by
        om1_0.created_at 
    fetch
        first ? rows only
Hibernate: 
    select
        om1_0.id,
        om1_0.aggregate_id,
        om1_0.aggregate_type,
        om1_0.created_at,
        om1_0.event_type,
        om1_0.next_retry_at,
        om1_0.payload,
        om1_0.processed_at,
        om1_0.retry_count,
        om1_0.status 
    from
        outbox_messages om1_0 
    where
        om1_0.status=? 
        and (
            om1_0.next_retry_at is null 
            or om1_0.next_retry_at<=?
        ) 
    order by
        om1_0.created_at 
    fetch
        first ? rows only
Hibernate: 
    select
        om1_0.id,
        om1_0.aggregate_id,
        om1_0.aggregate_type,
        om1_0.created_at,
        om1_0.event_type,
        om1_0.next_retry_at,
        om1_0.payload,
        om1_0.processed_at,
        om1_0.retry_count,
        om1_0.status 
    from
        outbox_messages om1_0 
    where
        om1_0.status=? 
        and (
            om1_0.next_retry_at is null 
            or om1_0.next_retry_at<=?
        ) 
    order by
        om1_0.created_at 
    fetch
        first ? rows only
Hibernate: 
    select
        om1_0.id,
        om1_0.aggregate_id,
        om1_0.aggregate_type,
        om1_0.created_at,
        om1_0.event_type,
        om1_0.next_retry_at,
        om1_0.payload,
        om1_0.processed_at,
        om1_0.retry_count,
        om1_0.status 
    from
        outbox_messages om1_0 
    where
        om1_0.status=? 
        and (
            om1_0.next_retry_at is null 
            or om1_0.next_retry_at<=?
        ) 
    order by
        om1_0.created_at 
    fetch
        first ? rows only
Hibernate: 
    select
        om1_0.id,
        om1_0.aggregate_id,
        om1_0.aggregate_type,
        om1_0.created_at,
        om1_0.event_type,
        om1_0.next_retry_at,
        om1_0.payload,
        om1_0.processed_at,
        om1_0.retry_count,
        om1_0.status 
    from
        outbox_messages om1_0 
    where
        om1_0.status=? 
        and (
            om1_0.next_retry_at is null 
            or om1_0.next_retry_at<=?
        ) 
    order by
        om1_0.created_at 
    fetch
        first ? rows only
Hibernate: 
    select
        om1_0.id,
        om1_0.aggregate_id,
        om1_0.aggregate_type,
        om1_0.created_at,
        om1_0.event_type,
        om1_0.next_retry_at,
        om1_0.payload,
        om1_0.processed_at,
        om1_0.retry_count,
        om1_0.status 
    from
        outbox_messages om1_0 
    where
        om1_0.status=? 
        and (
            om1_0.next_retry_at is null 
            or om1_0.next_retry_at<=?
        ) 
    order by
        om1_0.created_at 
    fetch
        first ? rows only
Hibernate: 
    select
        om1_0.id,
        om1_0.aggregate_id,
        om1_0.aggregate_type,
        om1_0.created_at,
        om1_0.event_type,
        om1_0.next_retry_at,
        om1_0.payload,
        om1_0.processed_at,
        om1_0.retry_count,
        om1_0.status 
    from
        outbox_messages om1_0 
    where
        om1_0.status=? 
        and (
            om1_0.next_retry_at is null 
            or om1_0.next_retry_at<=?
        ) 
    order by
        om1_0.created_at 
    fetch
        first ? rows only
Hibernate: 
    select
        om1_0.id,
        om1_0.aggregate_id,
        om1_0.aggregate_type,
        om1_0.created_at,
        om1_0.event_type,
        om1_0.next_retry_at,
        om1_0.payload,
        om1_0.processed_at,
        om1_0.retry_count,
        om1_0.status 
    from
        outbox_messages om1_0 
    where
        om1_0.status=? 
        and (
            om1_0.next_retry_at is null 
            or om1_0.next_retry_at<=?
        ) 
    order by
        om1_0.created_at 
    fetch
        first ? rows only
Hibernate: 
    select
        om1_0.id,
        om1_0.aggregate_id,
        om1_0.aggregate_type,
        om1_0.created_at,
        om1_0.event_type,
        om1_0.next_retry_at,
        om1_0.payload,
        om1_0.processed_at,
        om1_0.retry_count,
        om1_0.status 
    from
        outbox_messages om1_0 
    where
        om1_0.status=? 
        and (
            om1_0.next_retry_at is null 
            or om1_0.next_retry_at<=?
        ) 
    order by
        om1_0.created_at 
    fetch
        first ? rows only
Hibernate: 
    select
        om1_0.id,
        om1_0.aggregate_id,
        om1_0.aggregate_type,
        om1_0.created_at,
        om1_0.event_type,
        om1_0.next_retry_at,
        om1_0.payload,
        om1_0.processed_at,
        om1_0.retry_count,
        om1_0.status 
    from
        outbox_messages om1_0 
    where
        om1_0.status=? 
        and (
            om1_0.next_retry_at is null 
            or om1_0.next_retry_at<=?
        ) 
    order by
        om1_0.created_at 
    fetch
        first ? rows only
Hibernate: 
    select
        om1_0.id,
        om1_0.aggregate_id,
        om1_0.aggregate_type,
        om1_0.created_at,
        om1_0.event_type,
        om1_0.next_retry_at,
        om1_0.payload,
        om1_0.processed_at,
        om1_0.retry_count,
        om1_0.status 
    from
        outbox_messages om1_0 
    where
        om1_0.status=? 
        and (
            om1_0.next_retry_at is null 
            or om1_0.next_retry_at<=?
        ) 
    order by
        om1_0.created_at 
    fetch
        first ? rows only
Hibernate: 
    select
        om1_0.id,
        om1_0.aggregate_id,
        om1_0.aggregate_type,
        om1_0.created_at,
        om1_0.event_type,
        om1_0.next_retry_at,
        om1_0.payload,
        om1_0.processed_at,
        om1_0.retry_count,
        om1_0.status 
    from
        outbox_messages om1_0 
    where
        om1_0.status=? 
        and (
            om1_0.next_retry_at is null 
            or om1_0.next_retry_at<=?
        ) 
    order by
        om1_0.created_at 
    fetch
        first ? rows only
Hibernate: 
    select
        om1_0.id,
        om1_0.aggregate_id,
        om1_0.aggregate_type,
        om1_0.created_at,
        om1_0.event_type,
        om1_0.next_retry_at,
        om1_0.payload,
        om1_0.processed_at,
        om1_0.retry_count,
        om1_0.status 
    from
        outbox_messages om1_0 
    where
        om1_0.status=? 
        and (
            om1_0.next_retry_at is null 
            or om1_0.next_retry_at<=?
        ) 
    order by
        om1_0.created_at 
    fetch
        first ? rows only
Hibernate: 
    select
        om1_0.id,
        om1_0.aggregate_id,
        om1_0.aggregate_type,
        om1_0.created_at,
        om1_0.event_type,
        om1_0.next_retry_at,
        om1_0.payload,
        om1_0.processed_at,
        om1_0.retry_count,
        om1_0.status 
    from
        outbox_messages om1_0 
    where
        om1_0.status=? 
        and (
            om1_0.next_retry_at is null 
            or om1_0.next_retry_at<=?
        ) 
    order by
        om1_0.created_at 
    fetch
        first ? rows only
Hibernate: 
    select
        om1_0.id,
        om1_0.aggregate_id,
        om1_0.aggregate_type,
        om1_0.created_at,
        om1_0.event_type,
        om1_0.next_retry_at,
        om1_0.payload,
        om1_0.processed_at,
        om1_0.retry_count,
        om1_0.status 
    from
        outbox_messages om1_0 
    where
        om1_0.status=? 
        and (
            om1_0.next_retry_at is null 
            or om1_0.next_retry_at<=?
        ) 
    order by
        om1_0.created_at 
    fetch
        first ? rows only
Hibernate: 
    select
        om1_0.id,
        om1_0.aggregate_id,
        om1_0.aggregate_type,
        om1_0.created_at,
        om1_0.event_type,
        om1_0.next_retry_at,
        om1_0.payload,
        om1_0.processed_at,
        om1_0.retry_count,
        om1_0.status 
    from
        outbox_messages om1_0 
    where
        om1_0.status=? 
        and (
            om1_0.next_retry_at is null 
            or om1_0.next_retry_at<=?
        ) 
    order by
        om1_0.created_at 
    fetch
        first ? rows only
Hibernate: 
    select
        om1_0.id,
        om1_0.aggregate_id,
        om1_0.aggregate_type,
        om1_0.created_at,
        om1_0.event_type,
        om1_0.next_retry_at,
        om1_0.payload,
        om1_0.processed_at,
        om1_0.retry_count,
        om1_0.status 
    from
        outbox_messages om1_0 
    where
        om1_0.status=? 
        and (
            om1_0.next_retry_at is null 
            or om1_0.next_retry_at<=?
        ) 
    order by
        om1_0.created_at 
    fetch
        first ? rows only
Hibernate: 
    select
        om1_0.id,
        om1_0.aggregate_id,
        om1_0.aggregate_type,
        om1_0.created_at,
        om1_0.event_type,
        om1_0.next_retry_at,
        om1_0.payload,
        om1_0.processed_at,
        om1_0.retry_count,
        om1_0.status 
    from
        outbox_messages om1_0 
    where
        om1_0.status=? 
        and (
            om1_0.next_retry_at is null 
            or om1_0.next_retry_at<=?
        ) 
    order by
        om1_0.created_at 
    fetch
        first ? rows only
Hibernate: 
    select
        om1_0.id,
        om1_0.aggregate_id,
        om1_0.aggregate_type,
        om1_0.created_at,
        om1_0.event_type,
        om1_0.next_retry_at,
        om1_0.payload,
        om1_0.processed_at,
        om1_0.retry_count,
        om1_0.status 
    from
        outbox_messages om1_0 
    where
        om1_0.status=? 
        and (
            om1_0.next_retry_at is null 
            or om1_0.next_retry_at<=?
        ) 
    order by
        om1_0.created_at 
    fetch
        first ? rows only
Hibernate: 
    select
        om1_0.id,
        om1_0.aggregate_id,
        om1_0.aggregate_type,
        om1_0.created_at,
        om1_0.event_type,
        om1_0.next_retry_at,
        om1_0.payload,
        om1_0.processed_at,
        om1_0.retry_count,
        om1_0.status 
    from
        outbox_messages om1_0 
    where
        om1_0.status=? 
        and (
            om1_0.next_retry_at is null 
            or om1_0.next_retry_at<=?
        ) 
    order by
        om1_0.created_at 
    fetch
        first ? rows only
Hibernate: 
    select
        om1_0.id,
        om1_0.aggregate_id,
        om1_0.aggregate_type,
        om1_0.created_at,
        om1_0.event_type,
        om1_0.next_retry_at,
        om1_0.payload,
        om1_0.processed_at,
        om1_0.retry_count,
        om1_0.status 
    from
        outbox_messages om1_0 
    where
        om1_0.status=? 
        and (
            om1_0.next_retry_at is null 
            or om1_0.next_retry_at<=?
        ) 
    order by
        om1_0.created_at 
    fetch
        first ? rows only
Hibernate: 
    select
        om1_0.id,
        om1_0.aggregate_id,
        om1_0.aggregate_type,
        om1_0.created_at,
        om1_0.event_type,
        om1_0.next_retry_at,
        om1_0.payload,
        om1_0.processed_at,
        om1_0.retry_count,
        om1_0.status 
    from
        outbox_messages om1_0 
    where
        om1_0.status=? 
        and (
            om1_0.next_retry_at is null 
            or om1_0.next_retry_at<=?
        ) 
    order by
        om1_0.created_at 
    fetch
        first ? rows only
Hibernate: 
    select
        om1_0.id,
        om1_0.aggregate_id,
        om1_0.aggregate_type,
        om1_0.created_at,
        om1_0.event_type,
        om1_0.next_retry_at,
        om1_0.payload,
        om1_0.processed_at,
        om1_0.retry_count,
        om1_0.status 
    from
        outbox_messages om1_0 
    where
        om1_0.status=? 
        and (
            om1_0.next_retry_at is null 
            or om1_0.next_retry_at<=?
        ) 
    order by
        om1_0.created_at 
    fetch
        first ? rows only
Hibernate: 
    select
        om1_0.id,
        om1_0.aggregate_id,
        om1_0.aggregate_type,
        om1_0.created_at,
        om1_0.event_type,
        om1_0.next_retry_at,
        om1_0.payload,
        om1_0.processed_at,
        om1_0.retry_count,
        om1_0.status 
    from
        outbox_messages om1_0 
    where
        om1_0.status=? 
        and (
            om1_0.next_retry_at is null 
            or om1_0.next_retry_at<=?
        ) 
    order by
        om1_0.created_at 
    fetch
        first ? rows only
Hibernate: 
    select
        om1_0.id,
        om1_0.aggregate_id,
        om1_0.aggregate_type,
        om1_0.created_at,
        om1_0.event_type,
        om1_0.next_retry_at,
        om1_0.payload,
        om1_0.processed_at,
        om1_0.retry_count,
        om1_0.status 
    from
        outbox_messages om1_0 
    where
        om1_0.status=? 
        and (
            om1_0.next_retry_at is null 
            or om1_0.next_retry_at<=?
        ) 
    order by
        om1_0.created_at 
    fetch
        first ? rows only
Hibernate: 
    select
        om1_0.id,
        om1_0.aggregate_id,
        om1_0.aggregate_type,
        om1_0.created_at,
        om1_0.event_type,
        om1_0.next_retry_at,
        om1_0.payload,
        om1_0.processed_at,
        om1_0.retry_count,
        om1_0.status 
    from
        outbox_messages om1_0 
    where
        om1_0.status=? 
        and (
            om1_0.next_retry_at is null 
            or om1_0.next_retry_at<=?
        ) 
    order by
        om1_0.created_at 
    fetch
        first ? rows only
Hibernate: 
    select
        om1_0.id,
        om1_0.aggregate_id,
        om1_0.aggregate_type,
        om1_0.created_at,
        om1_0.event_type,
        om1_0.next_retry_at,
        om1_0.payload,
        om1_0.processed_at,
        om1_0.retry_count,
        om1_0.status 
    from
        outbox_messages om1_0 
    where
        om1_0.status=? 
        and (
            om1_0.next_retry_at is null 
            or om1_0.next_retry_at<=?
        ) 
    order by
        om1_0.created_at 
    fetch
        first ? rows only
Hibernate: 
    select
        om1_0.id,
        om1_0.aggregate_id,
        om1_0.aggregate_type,
        om1_0.created_at,
        om1_0.event_type,
        om1_0.next_retry_at,
        om1_0.payload,
        om1_0.processed_at,
        om1_0.retry_count,
        om1_0.status 
    from
        outbox_messages om1_0 
    where
        om1_0.status=? 
        and (
            om1_0.next_retry_at is null 
            or om1_0.next_retry_at<=?
        ) 
    order by
        om1_0.created_at 
    fetch
        first ? rows only
Hibernate: 
    select
        om1_0.id,
        om1_0.aggregate_id,
        om1_0.aggregate_type,
        om1_0.created_at,
        om1_0.event_type,
        om1_0.next_retry_at,
        om1_0.payload,
        om1_0.processed_at,
        om1_0.retry_count,
        om1_0.status 
    from
        outbox_messages om1_0 
    where
        om1_0.status=? 
        and (
            om1_0.next_retry_at is null 
            or om1_0.next_retry_at<=?
        ) 
    order by
        om1_0.created_at 
    fetch
        first ? rows only
Hibernate: 
    select
        om1_0.id,
        om1_0.aggregate_id,
        om1_0.aggregate_type,
        om1_0.created_at,
        om1_0.event_type,
        om1_0.next_retry_at,
        om1_0.payload,
        om1_0.processed_at,
        om1_0.retry_count,
        om1_0.status 
    from
        outbox_messages om1_0 
    where
        om1_0.status=? 
        and (
            om1_0.next_retry_at is null 
            or om1_0.next_retry_at<=?
        ) 
    order by
        om1_0.created_at 
    fetch
        first ? rows only
Hibernate: 
    select
        om1_0.id,
        om1_0.aggregate_id,
        om1_0.aggregate_type,
        om1_0.created_at,
        om1_0.event_type,
        om1_0.next_retry_at,
        om1_0.payload,
        om1_0.processed_at,
        om1_0.retry_count,
        om1_0.status 
    from
        outbox_messages om1_0 
    where
        om1_0.status=? 
        and (
            om1_0.next_retry_at is null 
            or om1_0.next_retry_at<=?
        ) 
    order by
        om1_0.created_at 
    fetch
        first ? rows only
Hibernate: 
    select
        om1_0.id,
        om1_0.aggregate_id,
        om1_0.aggregate_type,
        om1_0.created_at,
        om1_0.event_type,
        om1_0.next_retry_at,
        om1_0.payload,
        om1_0.processed_at,
        om1_0.retry_count,
        om1_0.status 
    from
        outbox_messages om1_0 
    where
        om1_0.status=? 
        and (
            om1_0.next_retry_at is null 
            or om1_0.next_retry_at<=?
        ) 
    order by
        om1_0.created_at 
    fetch
        first ? rows only
Hibernate: 
    select
        om1_0.id,
        om1_0.aggregate_id,
        om1_0.aggregate_type,
        om1_0.created_at,
        om1_0.event_type,
        om1_0.next_retry_at,
        om1_0.payload,
        om1_0.processed_at,
        om1_0.retry_count,
        om1_0.status 
    from
        outbox_messages om1_0 
    where
        om1_0.status=? 
        and (
            om1_0.next_retry_at is null 
            or om1_0.next_retry_at<=?
        ) 
    order by
        om1_0.created_at 
    fetch
        first ? rows only
Hibernate: 
    select
        om1_0.id,
        om1_0.aggregate_id,
        om1_0.aggregate_type,
        om1_0.created_at,
        om1_0.event_type,
        om1_0.next_retry_at,
        om1_0.payload,
        om1_0.processed_at,
        om1_0.retry_count,
        om1_0.status 
    from
        outbox_messages om1_0 
    where
        om1_0.status=? 
        and (
            om1_0.next_retry_at is null 
            or om1_0.next_retry_at<=?
        ) 
    order by
        om1_0.created_at 
    fetch
        first ? rows only
Hibernate: 
    select
        om1_0.id,
        om1_0.aggregate_id,
        om1_0.aggregate_type,
        om1_0.created_at,
        om1_0.event_type,
        om1_0.next_retry_at,
        om1_0.payload,
        om1_0.processed_at,
        om1_0.retry_count,
        om1_0.status 
    from
        outbox_messages om1_0 
    where
        om1_0.status=? 
        and (
            om1_0.next_retry_at is null 
            or om1_0.next_retry_at<=?
        ) 
    order by
        om1_0.created_at 
    fetch
        first ? rows only
Hibernate: 
    select
        om1_0.id,
        om1_0.aggregate_id,
        om1_0.aggregate_type,
        om1_0.created_at,
        om1_0.event_type,
        om1_0.next_retry_at,
        om1_0.payload,
        om1_0.processed_at,
        om1_0.retry_count,
        om1_0.status 
    from
        outbox_messages om1_0 
    where
        om1_0.status=? 
        and (
            om1_0.next_retry_at is null 
            or om1_0.next_retry_at<=?
        ) 
    order by
        om1_0.created_at 
    fetch
        first ? rows only
Hibernate: 
    select
        om1_0.id,
        om1_0.aggregate_id,
        om1_0.aggregate_type,
        om1_0.created_at,
        om1_0.event_type,
        om1_0.next_retry_at,
        om1_0.payload,
        om1_0.processed_at,
        om1_0.retry_count,
        om1_0.status 
    from
        outbox_messages om1_0 
    where
        om1_0.status=? 
        and (
            om1_0.next_retry_at is null 
            or om1_0.next_retry_at<=?
        ) 
    order by
        om1_0.created_at 
    fetch
        first ? rows only
Hibernate: 
    select
        om1_0.id,
        om1_0.aggregate_id,
        om1_0.aggregate_type,
        om1_0.created_at,
        om1_0.event_type,
        om1_0.next_retry_at,
        om1_0.payload,
        om1_0.processed_at,
        om1_0.retry_count,
        om1_0.status 
    from
        outbox_messages om1_0 
    where
        om1_0.status=? 
        and (
            om1_0.next_retry_at is null 
            or om1_0.next_retry_at<=?
        ) 
    order by
        om1_0.created_at 
    fetch
        first ? rows only
Hibernate: 
    select
        om1_0.id,
        om1_0.aggregate_id,
        om1_0.aggregate_type,
        om1_0.created_at,
        om1_0.event_type,
        om1_0.next_retry_at,
        om1_0.payload,
        om1_0.processed_at,
        om1_0.retry_count,
        om1_0.status 
    from
        outbox_messages om1_0 
    where
        om1_0.status=? 
        and (
            om1_0.next_retry_at is null 
            or om1_0.next_retry_at<=?
        ) 
    order by
        om1_0.created_at 
    fetch
        first ? rows only
Hibernate: 
    select
        om1_0.id,
        om1_0.aggregate_id,
        om1_0.aggregate_type,
        om1_0.created_at,
        om1_0.event_type,
        om1_0.next_retry_at,
        om1_0.payload,
        om1_0.processed_at,
        om1_0.retry_count,
        om1_0.status 
    from
        outbox_messages om1_0 
    where
        om1_0.status=? 
        and (
            om1_0.next_retry_at is null 
            or om1_0.next_retry_at<=?
        ) 
    order by
        om1_0.created_at 
    fetch
        first ? rows only
Hibernate: 
    select
        om1_0.id,
        om1_0.aggregate_id,
        om1_0.aggregate_type,
        om1_0.created_at,
        om1_0.event_type,
        om1_0.next_retry_at,
        om1_0.payload,
        om1_0.processed_at,
        om1_0.retry_count,
        om1_0.status 
    from
        outbox_messages om1_0 
    where
        om1_0.status=? 
        and (
            om1_0.next_retry_at is null 
            or om1_0.next_retry_at<=?
        ) 
    order by
        om1_0.created_at 
    fetch
        first ? rows only
Hibernate: 
    select
        om1_0.id,
        om1_0.aggregate_id,
        om1_0.aggregate_type,
        om1_0.created_at,
        om1_0.event_type,
        om1_0.next_retry_at,
        om1_0.payload,
        om1_0.processed_at,
        om1_0.retry_count,
        om1_0.status 
    from
        outbox_messages om1_0 
    where
        om1_0.status=? 
        and (
            om1_0.next_retry_at is null 
            or om1_0.next_retry_at<=?
        ) 
    order by
        om1_0.created_at 
    fetch
        first ? rows only
Hibernate: 
    select
        om1_0.id,
        om1_0.aggregate_id,
        om1_0.aggregate_type,
        om1_0.created_at,
        om1_0.event_type,
        om1_0.next_retry_at,
        om1_0.payload,
        om1_0.processed_at,
        om1_0.retry_count,
        om1_0.status 
    from
        outbox_messages om1_0 
    where
        om1_0.status=? 
        and (
            om1_0.next_retry_at is null 
            or om1_0.next_retry_at<=?
        ) 
    order by
        om1_0.created_at 
    fetch
        first ? rows only
Hibernate: 
    select
        om1_0.id,
        om1_0.aggregate_id,
        om1_0.aggregate_type,
        om1_0.created_at,
        om1_0.event_type,
        om1_0.next_retry_at,
        om1_0.payload,
        om1_0.processed_at,
        om1_0.retry_count,
        om1_0.status 
    from
        outbox_messages om1_0 
    where
        om1_0.status=? 
        and (
            om1_0.next_retry_at is null 
            or om1_0.next_retry_at<=?
        ) 
    order by
        om1_0.created_at 
    fetch
        first ? rows only
Hibernate: 
    select
        om1_0.id,
        om1_0.aggregate_id,
        om1_0.aggregate_type,
        om1_0.created_at,
        om1_0.event_type,
        om1_0.next_retry_at,
        om1_0.payload,
        om1_0.processed_at,
        om1_0.retry_count,
        om1_0.status 
    from
        outbox_messages om1_0 
    where
        om1_0.status=? 
        and (
            om1_0.next_retry_at is null 
            or om1_0.next_retry_at<=?
        ) 
    order by
        om1_0.created_at 
    fetch
        first ? rows only
Hibernate: 
    select
        om1_0.id,
        om1_0.aggregate_id,
        om1_0.aggregate_type,
        om1_0.created_at,
        om1_0.event_type,
        om1_0.next_retry_at,
        om1_0.payload,
        om1_0.processed_at,
        om1_0.retry_count,
        om1_0.status 
    from
        outbox_messages om1_0 
    where
        om1_0.status=? 
        and (
            om1_0.next_retry_at is null 
            or om1_0.next_retry_at<=?
        ) 
    order by
        om1_0.created_at 
    fetch
        first ? rows only
Hibernate: 
    select
        om1_0.id,
        om1_0.aggregate_id,
        om1_0.aggregate_type,
        om1_0.created_at,
        om1_0.event_type,
        om1_0.next_retry_at,
        om1_0.payload,
        om1_0.processed_at,
        om1_0.retry_count,
        om1_0.status 
    from
        outbox_messages om1_0 
    where
        om1_0.status=? 
        and (
            om1_0.next_retry_at is null 
            or om1_0.next_retry_at<=?
        ) 
    order by
        om1_0.created_at 
    fetch
        first ? rows only
Hibernate: 
    select
        om1_0.id,
        om1_0.aggregate_id,
        om1_0.aggregate_type,
        om1_0.created_at,
        om1_0.event_type,
        om1_0.next_retry_at,
        om1_0.payload,
        om1_0.processed_at,
        om1_0.retry_count,
        om1_0.status 
    from
        outbox_messages om1_0 
    where
        om1_0.status=? 
        and (
            om1_0.next_retry_at is null 
            or om1_0.next_retry_at<=?
        ) 
    order by
        om1_0.created_at 
    fetch
        first ? rows only
Hibernate: 
    select
        om1_0.id,
        om1_0.aggregate_id,
        om1_0.aggregate_type,
        om1_0.created_at,
        om1_0.event_type,
        om1_0.next_retry_at,
        om1_0.payload,
        om1_0.processed_at,
        om1_0.retry_count,
        om1_0.status 
    from
        outbox_messages om1_0 
    where
        om1_0.status=? 
        and (
            om1_0.next_retry_at is null 
            or om1_0.next_retry_at<=?
        ) 
    order by
        om1_0.created_at 
    fetch
        first ? rows only
Hibernate: 
    select
        om1_0.id,
        om1_0.aggregate_id,
        om1_0.aggregate_type,
        om1_0.created_at,
        om1_0.event_type,
        om1_0.next_retry_at,
        om1_0.payload,
        om1_0.processed_at,
        om1_0.retry_count,
        om1_0.status 
    from
        outbox_messages om1_0 
    where
        om1_0.status=? 
        and (
            om1_0.next_retry_at is null 
            or om1_0.next_retry_at<=?
        ) 
    order by
        om1_0.created_at 
    fetch
        first ? rows only
Hibernate: 
    select
        om1_0.id,
        om1_0.aggregate_id,
        om1_0.aggregate_type,
        om1_0.created_at,
        om1_0.event_type,
        om1_0.next_retry_at,
        om1_0.payload,
        om1_0.processed_at,
        om1_0.retry_count,
        om1_0.status 
    from
        outbox_messages om1_0 
    where
        om1_0.status=? 
        and (
            om1_0.next_retry_at is null 
            or om1_0.next_retry_at<=?
        ) 
    order by
        om1_0.created_at 
    fetch
        first ? rows only
Hibernate: 
    select
        om1_0.id,
        om1_0.aggregate_id,
        om1_0.aggregate_type,
        om1_0.created_at,
        om1_0.event_type,
        om1_0.next_retry_at,
        om1_0.payload,
        om1_0.processed_at,
        om1_0.retry_count,
        om1_0.status 
    from
        outbox_messages om1_0 
    where
        om1_0.status=? 
        and (
            om1_0.next_retry_at is null 
            or om1_0.next_retry_at<=?
        ) 
    order by
        om1_0.created_at 
    fetch
        first ? rows only
Hibernate: 
    select
        om1_0.id,
        om1_0.aggregate_id,
        om1_0.aggregate_type,
        om1_0.created_at,
        om1_0.event_type,
        om1_0.next_retry_at,
        om1_0.payload,
        om1_0.processed_at,
        om1_0.retry_count,
        om1_0.status 
    from
        outbox_messages om1_0 
    where
        om1_0.status=? 
        and (
            om1_0.next_retry_at is null 
            or om1_0.next_retry_at<=?
        ) 
    order by
        om1_0.created_at 
    fetch
        first ? rows only
Hibernate: 
    select
        om1_0.id,
        om1_0.aggregate_id,
        om1_0.aggregate_type,
        om1_0.created_at,
        om1_0.event_type,
        om1_0.next_retry_at,
        om1_0.payload,
        om1_0.processed_at,
        om1_0.retry_count,
        om1_0.status 
    from
        outbox_messages om1_0 
    where
        om1_0.status=? 
        and (
            om1_0.next_retry_at is null 
            or om1_0.next_retry_at<=?
        ) 
    order by
        om1_0.created_at 
    fetch
        first ? rows only
Hibernate: 
    select
        om1_0.id,
        om1_0.aggregate_id,
        om1_0.aggregate_type,
        om1_0.created_at,
        om1_0.event_type,
        om1_0.next_retry_at,
        om1_0.payload,
        om1_0.processed_at,
        om1_0.retry_count,
        om1_0.status 
    from
        outbox_messages om1_0 
    where
        om1_0.status=? 
        and (
            om1_0.next_retry_at is null 
            or om1_0.next_retry_at<=?
        ) 
    order by
        om1_0.created_at 
    fetch
        first ? rows only
Hibernate: 
    select
        om1_0.id,
        om1_0.aggregate_id,
        om1_0.aggregate_type,
        om1_0.created_at,
        om1_0.event_type,
        om1_0.next_retry_at,
        om1_0.payload,
        om1_0.processed_at,
        om1_0.retry_count,
        om1_0.status 
    from
        outbox_messages om1_0 
    where
        om1_0.status=? 
        and (
            om1_0.next_retry_at is null 
            or om1_0.next_retry_at<=?
        ) 
    order by
        om1_0.created_at 
    fetch
        first ? rows only
Hibernate: 
    select
        om1_0.id,
        om1_0.aggregate_id,
        om1_0.aggregate_type,
        om1_0.created_at,
        om1_0.event_type,
        om1_0.next_retry_at,
        om1_0.payload,
        om1_0.processed_at,
        om1_0.retry_count,
        om1_0.status 
    from
        outbox_messages om1_0 
    where
        om1_0.status=? 
        and (
            om1_0.next_retry_at is null 
            or om1_0.next_retry_at<=?
        ) 
    order by
        om1_0.created_at 
    fetch
        first ? rows only
Hibernate: 
    select
        om1_0.id,
        om1_0.aggregate_id,
        om1_0.aggregate_type,
        om1_0.created_at,
        om1_0.event_type,
        om1_0.next_retry_at,
        om1_0.payload,
        om1_0.processed_at,
        om1_0.retry_count,
        om1_0.status 
    from
        outbox_messages om1_0 
    where
        om1_0.status=? 
        and (
            om1_0.next_retry_at is null 
            or om1_0.next_retry_at<=?
        ) 
    order by
        om1_0.created_at 
    fetch
        first ? rows only
Hibernate: 
    select
        om1_0.id,
        om1_0.aggregate_id,
        om1_0.aggregate_type,
        om1_0.created_at,
        om1_0.event_type,
        om1_0.next_retry_at,
        om1_0.payload,
        om1_0.processed_at,
        om1_0.retry_count,
        om1_0.status 
    from
        outbox_messages om1_0 
    where
        om1_0.status=? 
        and (
            om1_0.next_retry_at is null 
            or om1_0.next_retry_at<=?
        ) 
    order by
        om1_0.created_at 
    fetch
        first ? rows only
Hibernate: 
    select
        om1_0.id,
        om1_0.aggregate_id,
        om1_0.aggregate_type,
        om1_0.created_at,
        om1_0.event_type,
        om1_0.next_retry_at,
        om1_0.payload,
        om1_0.processed_at,
        om1_0.retry_count,
        om1_0.status 
    from
        outbox_messages om1_0 
    where
        om1_0.status=? 
        and (
            om1_0.next_retry_at is null 
            or om1_0.next_retry_at<=?
        ) 
    order by
        om1_0.created_at 
    fetch
        first ? rows only
Hibernate: 
    select
        om1_0.id,
        om1_0.aggregate_id,
        om1_0.aggregate_type,
        om1_0.created_at,
        om1_0.event_type,
        om1_0.next_retry_at,
        om1_0.payload,
        om1_0.processed_at,
        om1_0.retry_count,
        om1_0.status 
    from
        outbox_messages om1_0 
    where
        om1_0.status=? 
        and (
            om1_0.next_retry_at is null 
            or om1_0.next_retry_at<=?
        ) 
    order by
        om1_0.created_at 
    fetch
        first ? rows only
Hibernate: 
    select
        om1_0.id,
        om1_0.aggregate_id,
        om1_0.aggregate_type,
        om1_0.created_at,
        om1_0.event_type,
        om1_0.next_retry_at,
        om1_0.payload,
        om1_0.processed_at,
        om1_0.retry_count,
        om1_0.status 
    from
        outbox_messages om1_0 
    where
        om1_0.status=? 
        and (
            om1_0.next_retry_at is null 
            or om1_0.next_retry_at<=?
        ) 
    order by
        om1_0.created_at 
    fetch
        first ? rows only
Hibernate: 
    select
        om1_0.id,
        om1_0.aggregate_id,
        om1_0.aggregate_type,
        om1_0.created_at,
        om1_0.event_type,
        om1_0.next_retry_at,
        om1_0.payload,
        om1_0.processed_at,
        om1_0.retry_count,
        om1_0.status 
    from
        outbox_messages om1_0 
    where
        om1_0.status=? 
        and (
            om1_0.next_retry_at is null 
            or om1_0.next_retry_at<=?
        ) 
    order by
        om1_0.created_at 
    fetch
        first ? rows only
Hibernate: 
    select
        om1_0.id,
        om1_0.aggregate_id,
        om1_0.aggregate_type,
        om1_0.created_at,
        om1_0.event_type,
        om1_0.next_retry_at,
        om1_0.payload,
        om1_0.processed_at,
        om1_0.retry_count,
        om1_0.status 
    from
        outbox_messages om1_0 
    where
        om1_0.status=? 
        and (
            om1_0.next_retry_at is null 
            or om1_0.next_retry_at<=?
        ) 
    order by
        om1_0.created_at 
    fetch
        first ? rows only
Hibernate: 
    select
        om1_0.id,
        om1_0.aggregate_id,
        om1_0.aggregate_type,
        om1_0.created_at,
        om1_0.event_type,
        om1_0.next_retry_at,
        om1_0.payload,
        om1_0.processed_at,
        om1_0.retry_count,
        om1_0.status 
    from
        outbox_messages om1_0 
    where
        om1_0.status=? 
        and (
            om1_0.next_retry_at is null 
            or om1_0.next_retry_at<=?
        ) 
    order by
        om1_0.created_at 
    fetch
        first ? rows only
Hibernate: 
    select
        om1_0.id,
        om1_0.aggregate_id,
        om1_0.aggregate_type,
        om1_0.created_at,
        om1_0.event_type,
        om1_0.next_retry_at,
        om1_0.payload,
        om1_0.processed_at,
        om1_0.retry_count,
        om1_0.status 
    from
        outbox_messages om1_0 
    where
        om1_0.status=? 
        and (
            om1_0.next_retry_at is null 
            or om1_0.next_retry_at<=?
        ) 
    order by
        om1_0.created_at 
    fetch
        first ? rows only
Hibernate: 
    select
        om1_0.id,
        om1_0.aggregate_id,
        om1_0.aggregate_type,
        om1_0.created_at,
        om1_0.event_type,
        om1_0.next_retry_at,
        om1_0.payload,
        om1_0.processed_at,
        om1_0.retry_count,
        om1_0.status 
    from
        outbox_messages om1_0 
    where
        om1_0.status=? 
        and (
            om1_0.next_retry_at is null 
            or om1_0.next_retry_at<=?
        ) 
    order by
        om1_0.created_at 
    fetch
        first ? rows only
Hibernate: 
    select
        om1_0.id,
        om1_0.aggregate_id,
        om1_0.aggregate_type,
        om1_0.created_at,
        om1_0.event_type,
        om1_0.next_retry_at,
        om1_0.payload,
        om1_0.processed_at,
        om1_0.retry_count,
        om1_0.status 
    from
        outbox_messages om1_0 
    where
        om1_0.status=? 
        and (
            om1_0.next_retry_at is null 
            or om1_0.next_retry_at<=?
        ) 
    order by
        om1_0.created_at 
    fetch
        first ? rows only
Hibernate: 
    select
        om1_0.id,
        om1_0.aggregate_id,
        om1_0.aggregate_type,
        om1_0.created_at,
        om1_0.event_type,
        om1_0.next_retry_at,
        om1_0.payload,
        om1_0.processed_at,
        om1_0.retry_count,
        om1_0.status 
    from
        outbox_messages om1_0 
    where
        om1_0.status=? 
        and (
            om1_0.next_retry_at is null 
            or om1_0.next_retry_at<=?
        ) 
    order by
        om1_0.created_at 
    fetch
        first ? rows only
Hibernate: 
    select
        om1_0.id,
        om1_0.aggregate_id,
        om1_0.aggregate_type,
        om1_0.created_at,
        om1_0.event_type,
        om1_0.next_retry_at,
        om1_0.payload,
        om1_0.processed_at,
        om1_0.retry_count,
        om1_0.status 
    from
        outbox_messages om1_0 
    where
        om1_0.status=? 
        and (
            om1_0.next_retry_at is null 
            or om1_0.next_retry_at<=?
        ) 
    order by
        om1_0.created_at 
    fetch
        first ? rows only
Hibernate: 
    select
        om1_0.id,
        om1_0.aggregate_id,
        om1_0.aggregate_type,
        om1_0.created_at,
        om1_0.event_type,
        om1_0.next_retry_at,
        om1_0.payload,
        om1_0.processed_at,
        om1_0.retry_count,
        om1_0.status 
    from
        outbox_messages om1_0 
    where
        om1_0.status=? 
        and (
            om1_0.next_retry_at is null 
            or om1_0.next_retry_at<=?
        ) 
    order by
        om1_0.created_at 
    fetch
        first ? rows only
Hibernate: 
    select
        om1_0.id,
        om1_0.aggregate_id,
        om1_0.aggregate_type,
        om1_0.created_at,
        om1_0.event_type,
        om1_0.next_retry_at,
        om1_0.payload,
        om1_0.processed_at,
        om1_0.retry_count,
        om1_0.status 
    from
        outbox_messages om1_0 
    where
        om1_0.status=? 
        and (
            om1_0.next_retry_at is null 
            or om1_0.next_retry_at<=?
        ) 
    order by
        om1_0.created_at 
    fetch
        first ? rows only
Hibernate: 
    select
        om1_0.id,
        om1_0.aggregate_id,
        om1_0.aggregate_type,
        om1_0.created_at,
        om1_0.event_type,
        om1_0.next_retry_at,
        om1_0.payload,
        om1_0.processed_at,
        om1_0.retry_count,
        om1_0.status 
    from
        outbox_messages om1_0 
    where
        om1_0.status=? 
        and (
            om1_0.next_retry_at is null 
            or om1_0.next_retry_at<=?
        ) 
    order by
        om1_0.created_at 
    fetch
        first ? rows only
Hibernate: 
    select
        om1_0.id,
        om1_0.aggregate_id,
        om1_0.aggregate_type,
        om1_0.created_at,
        om1_0.event_type,
        om1_0.next_retry_at,
        om1_0.payload,
        om1_0.processed_at,
        om1_0.retry_count,
        om1_0.status 
    from
        outbox_messages om1_0 
    where
        om1_0.status=? 
        and (
            om1_0.next_retry_at is null 
            or om1_0.next_retry_at<=?
        ) 
    order by
        om1_0.created_at 
    fetch
        first ? rows only
Hibernate: 
    select
        om1_0.id,
        om1_0.aggregate_id,
        om1_0.aggregate_type,
        om1_0.created_at,
        om1_0.event_type,
        om1_0.next_retry_at,
        om1_0.payload,
        om1_0.processed_at,
        om1_0.retry_count,
        om1_0.status 
    from
        outbox_messages om1_0 
    where
        om1_0.status=? 
        and (
            om1_0.next_retry_at is null 
            or om1_0.next_retry_at<=?
        ) 
    order by
        om1_0.created_at 
    fetch
        first ? rows only
Hibernate: 
    select
        om1_0.id,
        om1_0.aggregate_id,
        om1_0.aggregate_type,
        om1_0.created_at,
        om1_0.event_type,
        om1_0.next_retry_at,
        om1_0.payload,
        om1_0.processed_at,
        om1_0.retry_count,
        om1_0.status 
    from
        outbox_messages om1_0 
    where
        om1_0.status=? 
        and (
            om1_0.next_retry_at is null 
            or om1_0.next_retry_at<=?
        ) 
    order by
        om1_0.created_at 
    fetch
        first ? rows only
Hibernate: 
    select
        om1_0.id,
        om1_0.aggregate_id,
        om1_0.aggregate_type,
        om1_0.created_at,
        om1_0.event_type,
        om1_0.next_retry_at,
        om1_0.payload,
        om1_0.processed_at,
        om1_0.retry_count,
        om1_0.status 
    from
        outbox_messages om1_0 
    where
        om1_0.status=? 
        and (
            om1_0.next_retry_at is null 
            or om1_0.next_retry_at<=?
        ) 
    order by
        om1_0.created_at 
    fetch
        first ? rows only
Hibernate: 
    select
        om1_0.id,
        om1_0.aggregate_id,
        om1_0.aggregate_type,
        om1_0.created_at,
        om1_0.event_type,
        om1_0.next_retry_at,
        om1_0.payload,
        om1_0.processed_at,
        om1_0.retry_count,
        om1_0.status 
    from
        outbox_messages om1_0 
    where
        om1_0.status=? 
        and (
            om1_0.next_retry_at is null 
            or om1_0.next_retry_at<=?
        ) 
    order by
        om1_0.created_at 
    fetch
        first ? rows only
Hibernate: 
    select
        om1_0.id,
        om1_0.aggregate_id,
        om1_0.aggregate_type,
        om1_0.created_at,
        om1_0.event_type,
        om1_0.next_retry_at,
        om1_0.payload,
        om1_0.processed_at,
        om1_0.retry_count,
        om1_0.status 
    from
        outbox_messages om1_0 
    where
        om1_0.status=? 
        and (
            om1_0.next_retry_at is null 
            or om1_0.next_retry_at<=?
        ) 
    order by
        om1_0.created_at 
    fetch
        first ? rows only
Hibernate: 
    select
        om1_0.id,
        om1_0.aggregate_id,
        om1_0.aggregate_type,
        om1_0.created_at,
        om1_0.event_type,
        om1_0.next_retry_at,
        om1_0.payload,
        om1_0.processed_at,
        om1_0.retry_count,
        om1_0.status 
    from
        outbox_messages om1_0 
    where
        om1_0.status=? 
        and (
            om1_0.next_retry_at is null 
            or om1_0.next_retry_at<=?
        ) 
    order by
        om1_0.created_at 
    fetch
        first ? rows only
Hibernate: 
    select
        om1_0.id,
        om1_0.aggregate_id,
        om1_0.aggregate_type,
        om1_0.created_at,
        om1_0.event_type,
        om1_0.next_retry_at,
        om1_0.payload,
        om1_0.processed_at,
        om1_0.retry_count,
        om1_0.status 
    from
        outbox_messages om1_0 
    where
        om1_0.status=? 
        and (
            om1_0.next_retry_at is null 
            or om1_0.next_retry_at<=?
        ) 
    order by
        om1_0.created_at 
    fetch
        first ? rows only
Hibernate: 
    select
        om1_0.id,
        om1_0.aggregate_id,
        om1_0.aggregate_type,
        om1_0.created_at,
        om1_0.event_type,
        om1_0.next_retry_at,
        om1_0.payload,
        om1_0.processed_at,
        om1_0.retry_count,
        om1_0.status 
    from
        outbox_messages om1_0 
    where
        om1_0.status=? 
        and (
            om1_0.next_retry_at is null 
            or om1_0.next_retry_at<=?
        ) 
    order by
        om1_0.created_at 
    fetch
        first ? rows only
Hibernate: 
    select
        om1_0.id,
        om1_0.aggregate_id,
        om1_0.aggregate_type,
        om1_0.created_at,
        om1_0.event_type,
        om1_0.next_retry_at,
        om1_0.payload,
        om1_0.processed_at,
        om1_0.retry_count,
        om1_0.status 
    from
        outbox_messages om1_0 
    where
        om1_0.status=? 
        and (
            om1_0.next_retry_at is null 
            or om1_0.next_retry_at<=?
        ) 
    order by
        om1_0.created_at 
    fetch
        first ? rows only
Hibernate: 
    select
        om1_0.id,
        om1_0.aggregate_id,
        om1_0.aggregate_type,
        om1_0.created_at,
        om1_0.event_type,
        om1_0.next_retry_at,
        om1_0.payload,
        om1_0.processed_at,
        om1_0.retry_count,
        om1_0.status 
    from
        outbox_messages om1_0 
    where
        om1_0.status=? 
        and (
            om1_0.next_retry_at is null 
            or om1_0.next_retry_at<=?
        ) 
    order by
        om1_0.created_at 
    fetch
        first ? rows only
Hibernate: 
    select
        om1_0.id,
        om1_0.aggregate_id,
        om1_0.aggregate_type,
        om1_0.created_at,
        om1_0.event_type,
        om1_0.next_retry_at,
        om1_0.payload,
        om1_0.processed_at,
        om1_0.retry_count,
        om1_0.status 
    from
        outbox_messages om1_0 
    where
        om1_0.status=? 
        and (
            om1_0.next_retry_at is null 
            or om1_0.next_retry_at<=?
        ) 
    order by
        om1_0.created_at 
    fetch
        first ? rows only
Hibernate: 
    select
        om1_0.id,
        om1_0.aggregate_id,
        om1_0.aggregate_type,
        om1_0.created_at,
        om1_0.event_type,
        om1_0.next_retry_at,
        om1_0.payload,
        om1_0.processed_at,
        om1_0.retry_count,
        om1_0.status 
    from
        outbox_messages om1_0 
    where
        om1_0.status=? 
        and (
            om1_0.next_retry_at is null 
            or om1_0.next_retry_at<=?
        ) 
    order by
        om1_0.created_at 
    fetch
        first ? rows only
Hibernate: 
    select
        om1_0.id,
        om1_0.aggregate_id,
        om1_0.aggregate_type,
        om1_0.created_at,
        om1_0.event_type,
        om1_0.next_retry_at,
        om1_0.payload,
        om1_0.processed_at,
        om1_0.retry_count,
        om1_0.status 
    from
        outbox_messages om1_0 
    where
        om1_0.status=? 
        and (
            om1_0.next_retry_at is null 
            or om1_0.next_retry_at<=?
        ) 
    order by
        om1_0.created_at 
    fetch
        first ? rows only
Hibernate: 
    select
        om1_0.id,
        om1_0.aggregate_id,
        om1_0.aggregate_type,
        om1_0.created_at,
        om1_0.event_type,
        om1_0.next_retry_at,
        om1_0.payload,
        om1_0.processed_at,
        om1_0.retry_count,
        om1_0.status 
    from
        outbox_messages om1_0 
    where
        om1_0.status=? 
        and (
            om1_0.next_retry_at is null 
            or om1_0.next_retry_at<=?
        ) 
    order by
        om1_0.created_at 
    fetch
        first ? rows only
Hibernate: 
    select
        om1_0.id,
        om1_0.aggregate_id,
        om1_0.aggregate_type,
        om1_0.created_at,
        om1_0.event_type,
        om1_0.next_retry_at,
        om1_0.payload,
        om1_0.processed_at,
        om1_0.retry_count,
        om1_0.status 
    from
        outbox_messages om1_0 
    where
        om1_0.status=? 
        and (
            om1_0.next_retry_at is null 
            or om1_0.next_retry_at<=?
        ) 
    order by
        om1_0.created_at 
    fetch
        first ? rows only
Hibernate: 
    select
        om1_0.id,
        om1_0.aggregate_id,
        om1_0.aggregate_type,
        om1_0.created_at,
        om1_0.event_type,
        om1_0.next_retry_at,
        om1_0.payload,
        om1_0.processed_at,
        om1_0.retry_count,
        om1_0.status 
    from
        outbox_messages om1_0 
    where
        om1_0.status=? 
        and (
            om1_0.next_retry_at is null 
            or om1_0.next_retry_at<=?
        ) 
    order by
        om1_0.created_at 
    fetch
        first ? rows only
2026-08-16T13:54:05.324+05:30  WARN 36159 --- [slot-booking-engine] [l-1:housekeeper] com.zaxxer.hikari.pool.HikariPool        : HikariPool-1 - Thread starvation or clock leap detected (housekeeper delta=3m50s628ms).
Hibernate: 
    select
        om1_0.id,
        om1_0.aggregate_id,
        om1_0.aggregate_type,
        om1_0.created_at,
        om1_0.event_type,
        om1_0.next_retry_at,
        om1_0.payload,
        om1_0.processed_at,
        om1_0.retry_count,
        om1_0.status 
    from
        outbox_messages om1_0 
    where
        om1_0.status=? 
        and (
            om1_0.next_retry_at is null 
            or om1_0.next_retry_at<=?
        ) 
    order by
        om1_0.created_at 
    fetch
        first ? rows only
Hibernate: 
    select
        om1_0.id,
        om1_0.aggregate_id,
        om1_0.aggregate_type,
        om1_0.created_at,
        om1_0.event_type,
        om1_0.next_retry_at,
        om1_0.payload,
        om1_0.processed_at,
        om1_0.retry_count,
        om1_0.status 
    from
        outbox_messages om1_0 
    where
        om1_0.status=? 
        and (
            om1_0.next_retry_at is null 
            or om1_0.next_retry_at<=?
        ) 
    order by
        om1_0.created_at 
    fetch
        first ? rows only
Hibernate: 
    select
        om1_0.id,
        om1_0.aggregate_id,
        om1_0.aggregate_type,
        om1_0.created_at,
        om1_0.event_type,
        om1_0.next_retry_at,
        om1_0.payload,
        om1_0.processed_at,
        om1_0.retry_count,
        om1_0.status 
    from
        outbox_messages om1_0 
    where
        om1_0.status=? 
        and (
            om1_0.next_retry_at is null 
            or om1_0.next_retry_at<=?
        ) 
    order by
        om1_0.created_at 
    fetch
        first ? rows only
Hibernate: 
    select
        om1_0.id,
        om1_0.aggregate_id,
        om1_0.aggregate_type,
        om1_0.created_at,
        om1_0.event_type,
        om1_0.next_retry_at,
        om1_0.payload,
        om1_0.processed_at,
        om1_0.retry_count,
        om1_0.status 
    from
        outbox_messages om1_0 
    where
        om1_0.status=? 
        and (
            om1_0.next_retry_at is null 
            or om1_0.next_retry_at<=?
        ) 
    order by
        om1_0.created_at 
    fetch
        first ? rows only
Hibernate: 
    select
        om1_0.id,
        om1_0.aggregate_id,
        om1_0.aggregate_type,
        om1_0.created_at,
        om1_0.event_type,
        om1_0.next_retry_at,
        om1_0.payload,
        om1_0.processed_at,
        om1_0.retry_count,
        om1_0.status 
    from
        outbox_messages om1_0 
    where
        om1_0.status=? 
        and (
            om1_0.next_retry_at is null 
            or om1_0.next_retry_at<=?
        ) 
    order by
        om1_0.created_at 
    fetch
        first ? rows only
Hibernate: 
    select
        om1_0.id,
        om1_0.aggregate_id,
        om1_0.aggregate_type,
        om1_0.created_at,
        om1_0.event_type,
        om1_0.next_retry_at,
        om1_0.payload,
        om1_0.processed_at,
        om1_0.retry_count,
        om1_0.status 
    from
        outbox_messages om1_0 
    where
        om1_0.status=? 
        and (
            om1_0.next_retry_at is null 
            or om1_0.next_retry_at<=?
        ) 
    order by
        om1_0.created_at 
    fetch
        first ? rows only
Hibernate: 
    select
        om1_0.id,
        om1_0.aggregate_id,
        om1_0.aggregate_type,
        om1_0.created_at,
        om1_0.event_type,
        om1_0.next_retry_at,
        om1_0.payload,
        om1_0.processed_at,
        om1_0.retry_count,
        om1_0.status 
    from
        outbox_messages om1_0 
    where
        om1_0.status=? 
        and (
            om1_0.next_retry_at is null 
            or om1_0.next_retry_at<=?
        ) 
    order by
        om1_0.created_at 
    fetch
        first ? rows only
Hibernate: 
    select
        om1_0.id,
        om1_0.aggregate_id,
        om1_0.aggregate_type,
        om1_0.created_at,
        om1_0.event_type,
        om1_0.next_retry_at,
        om1_0.payload,
        om1_0.processed_at,
        om1_0.retry_count,
        om1_0.status 
    from
        outbox_messages om1_0 
    where
        om1_0.status=? 
        and (
            om1_0.next_retry_at is null 
            or om1_0.next_retry_at<=?
        ) 
    order by
        om1_0.created_at 
    fetch
        first ? rows only
Hibernate: 
    select
        om1_0.id,
        om1_0.aggregate_id,
        om1_0.aggregate_type,
        om1_0.created_at,
        om1_0.event_type,
        om1_0.next_retry_at,
        om1_0.payload,
        om1_0.processed_at,
        om1_0.retry_count,
        om1_0.status 
    from
        outbox_messages om1_0 
    where
        om1_0.status=? 
        and (
            om1_0.next_retry_at is null 
            or om1_0.next_retry_at<=?
        ) 
    order by
        om1_0.created_at 
    fetch
        first ? rows only
Hibernate: 
    select
        om1_0.id,
        om1_0.aggregate_id,
        om1_0.aggregate_type,
        om1_0.created_at,
        om1_0.event_type,
        om1_0.next_retry_at,
        om1_0.payload,
        om1_0.processed_at,
        om1_0.retry_count,
        om1_0.status 
    from
        outbox_messages om1_0 
    where
        om1_0.status=? 
        and (
            om1_0.next_retry_at is null 
            or om1_0.next_retry_at<=?
        ) 
    order by
        om1_0.created_at 
    fetch
        first ? rows only
Hibernate: 
    select
        om1_0.id,
        om1_0.aggregate_id,
        om1_0.aggregate_type,
        om1_0.created_at,
        om1_0.event_type,
        om1_0.next_retry_at,
        om1_0.payload,
        om1_0.processed_at,
        om1_0.retry_count,
        om1_0.status 
    from
        outbox_messages om1_0 
    where
        om1_0.status=? 
        and (
            om1_0.next_retry_at is null 
            or om1_0.next_retry_at<=?
        ) 
    order by
        om1_0.created_at 
    fetch
        first ? rows only
Hibernate: 
    select
        om1_0.id,
        om1_0.aggregate_id,
        om1_0.aggregate_type,
        om1_0.created_at,
        om1_0.event_type,
        om1_0.next_retry_at,
        om1_0.payload,
        om1_0.processed_at,
        om1_0.retry_count,
        om1_0.status 
    from
        outbox_messages om1_0 
    where
        om1_0.status=? 
        and (
            om1_0.next_retry_at is null 
            or om1_0.next_retry_at<=?
        ) 
    order by
        om1_0.created_at 
    fetch
        first ? rows only
Hibernate: 
    select
        om1_0.id,
        om1_0.aggregate_id,
        om1_0.aggregate_type,
        om1_0.created_at,
        om1_0.event_type,
        om1_0.next_retry_at,
        om1_0.payload,
        om1_0.processed_at,
        om1_0.retry_count,
        om1_0.status 
    from
        outbox_messages om1_0 
    where
        om1_0.status=? 
        and (
            om1_0.next_retry_at is null 
            or om1_0.next_retry_at<=?
        ) 
    order by
        om1_0.created_at 
    fetch
        first ? rows only
Hibernate: 
    select
        om1_0.id,
        om1_0.aggregate_id,
        om1_0.aggregate_type,
        om1_0.created_at,
        om1_0.event_type,
        om1_0.next_retry_at,
        om1_0.payload,
        om1_0.processed_at,
        om1_0.retry_count,
        om1_0.status 
    from
        outbox_messages om1_0 
    where
        om1_0.status=? 
        and (
            om1_0.next_retry_at is null 
            or om1_0.next_retry_at<=?
        ) 
    order by
        om1_0.created_at 
    fetch
        first ? rows only
Hibernate: 
    select
        om1_0.id,
        om1_0.aggregate_id,
        om1_0.aggregate_type,
        om1_0.created_at,
        om1_0.event_type,
        om1_0.next_retry_at,
        om1_0.payload,
        om1_0.processed_at,
        om1_0.retry_count,
        om1_0.status 
    from
        outbox_messages om1_0 
    where
        om1_0.status=? 
        and (
            om1_0.next_retry_at is null 
            or om1_0.next_retry_at<=?
        ) 
    order by
        om1_0.created_at 
    fetch
        first ? rows only
Hibernate: 
    select
        om1_0.id,
        om1_0.aggregate_id,
        om1_0.aggregate_type,
        om1_0.created_at,
        om1_0.event_type,
        om1_0.next_retry_at,
        om1_0.payload,
        om1_0.processed_at,
        om1_0.retry_count,
        om1_0.status 
    from
        outbox_messages om1_0 
    where
        om1_0.status=? 
        and (
            om1_0.next_retry_at is null 
            or om1_0.next_retry_at<=?
        ) 
    order by
        om1_0.created_at 
    fetch
        first ? rows only
Hibernate: 
    select
        om1_0.id,
        om1_0.aggregate_id,
        om1_0.aggregate_type,
        om1_0.created_at,
        om1_0.event_type,
        om1_0.next_retry_at,
        om1_0.payload,
        om1_0.processed_at,
        om1_0.retry_count,
        om1_0.status 
    from
        outbox_messages om1_0 
    where
        om1_0.status=? 
        and (
            om1_0.next_retry_at is null 
            or om1_0.next_retry_at<=?
        ) 
    order by
        om1_0.created_at 
    fetch
        first ? rows only
Hibernate: 
    select
        om1_0.id,
        om1_0.aggregate_id,
        om1_0.aggregate_type,
        om1_0.created_at,
        om1_0.event_type,
        om1_0.next_retry_at,
        om1_0.payload,
        om1_0.processed_at,
        om1_0.retry_count,
        om1_0.status 
    from
        outbox_messages om1_0 
    where
        om1_0.status=? 
        and (
            om1_0.next_retry_at is null 
            or om1_0.next_retry_at<=?
        ) 
    order by
        om1_0.created_at 
    fetch
        first ? rows only
Hibernate: 
    select
        om1_0.id,
        om1_0.aggregate_id,
        om1_0.aggregate_type,
        om1_0.created_at,
        om1_0.event_type,
        om1_0.next_retry_at,
        om1_0.payload,
        om1_0.processed_at,
        om1_0.retry_count,
        om1_0.status 
    from
        outbox_messages om1_0 
    where
        om1_0.status=? 
        and (
            om1_0.next_retry_at is null 
            or om1_0.next_retry_at<=?
        ) 
    order by
        om1_0.created_at 
    fetch
        first ? rows only
Hibernate: 
    select
        om1_0.id,
        om1_0.aggregate_id,
        om1_0.aggregate_type,
        om1_0.created_at,
        om1_0.event_type,
        om1_0.next_retry_at,
        om1_0.payload,
        om1_0.processed_at,
        om1_0.retry_count,
        om1_0.status 
    from
        outbox_messages om1_0 
    where
        om1_0.status=? 
        and (
            om1_0.next_retry_at is null 
            or om1_0.next_retry_at<=?
        ) 
    order by
        om1_0.created_at 
    fetch
        first ? rows only
Hibernate: 
    select
        om1_0.id,
        om1_0.aggregate_id,
        om1_0.aggregate_type,
        om1_0.created_at,
        om1_0.event_type,
        om1_0.next_retry_at,
        om1_0.payload,
        om1_0.processed_at,
        om1_0.retry_count,
        om1_0.status 
    from
        outbox_messages om1_0 
    where
        om1_0.status=? 
        and (
            om1_0.next_retry_at is null 
            or om1_0.next_retry_at<=?
        ) 
    order by
        om1_0.created_at 
    fetch
        first ? rows only
Hibernate: 
    select
        om1_0.id,
        om1_0.aggregate_id,
        om1_0.aggregate_type,
        om1_0.created_at,
        om1_0.event_type,
        om1_0.next_retry_at,
        om1_0.payload,
        om1_0.processed_at,
        om1_0.retry_count,
        om1_0.status 
    from
        outbox_messages om1_0 
    where
        om1_0.status=? 
        and (
            om1_0.next_retry_at is null 
            or om1_0.next_retry_at<=?
        ) 
    order by
        om1_0.created_at 
    fetch
        first ? rows only
Hibernate: 
    select
        om1_0.id,
        om1_0.aggregate_id,
        om1_0.aggregate_type,
        om1_0.created_at,
        om1_0.event_type,
        om1_0.next_retry_at,
        om1_0.payload,
        om1_0.processed_at,
        om1_0.retry_count,
        om1_0.status 
    from
        outbox_messages om1_0 
    where
        om1_0.status=? 
        and (
            om1_0.next_retry_at is null 
            or om1_0.next_retry_at<=?
        ) 
    order by
        om1_0.created_at 
    fetch
        first ? rows only
Hibernate: 
    select
        om1_0.id,
        om1_0.aggregate_id,
        om1_0.aggregate_type,
        om1_0.created_at,
        om1_0.event_type,
        om1_0.next_retry_at,
        om1_0.payload,
        om1_0.processed_at,
        om1_0.retry_count,
        om1_0.status 
    from
        outbox_messages om1_0 
    where
        om1_0.status=? 
        and (
            om1_0.next_retry_at is null 
            or om1_0.next_retry_at<=?
        ) 
    order by
        om1_0.created_at 
    fetch
        first ? rows only
Hibernate: 
    select
        om1_0.id,
        om1_0.aggregate_id,
        om1_0.aggregate_type,
        om1_0.created_at,
        om1_0.event_type,
        om1_0.next_retry_at,
        om1_0.payload,
        om1_0.processed_at,
        om1_0.retry_count,
        om1_0.status 
    from
        outbox_messages om1_0 
    where
        om1_0.status=? 
        and (
            om1_0.next_retry_at is null 
            or om1_0.next_retry_at<=?
        ) 
    order by
        om1_0.created_at 
    fetch
        first ? rows only
Hibernate: 
    select
        om1_0.id,
        om1_0.aggregate_id,
        om1_0.aggregate_type,
        om1_0.created_at,
        om1_0.event_type,
        om1_0.next_retry_at,
        om1_0.payload,
        om1_0.processed_at,
        om1_0.retry_count,
        om1_0.status 
    from
        outbox_messages om1_0 
    where
        om1_0.status=? 
        and (
            om1_0.next_retry_at is null 
            or om1_0.next_retry_at<=?
        ) 
    order by
        om1_0.created_at 
    fetch
        first ? rows only
Hibernate: 
    select
        om1_0.id,
        om1_0.aggregate_id,
        om1_0.aggregate_type,
        om1_0.created_at,
        om1_0.event_type,
        om1_0.next_retry_at,
        om1_0.payload,
        om1_0.processed_at,
        om1_0.retry_count,
        om1_0.status 
    from
        outbox_messages om1_0 
    where
        om1_0.status=? 
        and (
            om1_0.next_retry_at is null 
            or om1_0.next_retry_at<=?
        ) 
    order by
        om1_0.created_at 
    fetch
        first ? rows only
Hibernate: 
    select
        om1_0.id,
        om1_0.aggregate_id,
        om1_0.aggregate_type,
        om1_0.created_at,
        om1_0.event_type,
        om1_0.next_retry_at,
        om1_0.payload,
        om1_0.processed_at,
        om1_0.retry_count,
        om1_0.status 
    from
        outbox_messages om1_0 
    where
        om1_0.status=? 
        and (
            om1_0.next_retry_at is null 
            or om1_0.next_retry_at<=?
        ) 
    order by
        om1_0.created_at 
    fetch
        first ? rows only
Hibernate: 
    select
        om1_0.id,
        om1_0.aggregate_id,
        om1_0.aggregate_type,
        om1_0.created_at,
        om1_0.event_type,
        om1_0.next_retry_at,
        om1_0.payload,
        om1_0.processed_at,
        om1_0.retry_count,
        om1_0.status 
    from
        outbox_messages om1_0 
    where
        om1_0.status=? 
        and (
            om1_0.next_retry_at is null 
            or om1_0.next_retry_at<=?
        ) 
    order by
        om1_0.created_at 
    fetch
        first ? rows only
Hibernate: 
    select
        om1_0.id,
        om1_0.aggregate_id,
        om1_0.aggregate_type,
        om1_0.created_at,
        om1_0.event_type,
        om1_0.next_retry_at,
        om1_0.payload,
        om1_0.processed_at,
        om1_0.retry_count,
        om1_0.status 
    from
        outbox_messages om1_0 
    where
        om1_0.status=? 
        and (
            om1_0.next_retry_at is null 
            or om1_0.next_retry_at<=?
        ) 
    order by
        om1_0.created_at 
    fetch
        first ? rows only
Hibernate: 
    select
        om1_0.id,
        om1_0.aggregate_id,
        om1_0.aggregate_type,
        om1_0.created_at,
        om1_0.event_type,
        om1_0.next_retry_at,
        om1_0.payload,
        om1_0.processed_at,
        om1_0.retry_count,
        om1_0.status 
    from
        outbox_messages om1_0 
    where
        om1_0.status=? 
        and (
            om1_0.next_retry_at is null 
            or om1_0.next_retry_at<=?
        ) 
    order by
        om1_0.created_at 
    fetch
        first ? rows only
Hibernate: 
    select
        om1_0.id,
        om1_0.aggregate_id,
        om1_0.aggregate_type,
        om1_0.created_at,
        om1_0.event_type,
        om1_0.next_retry_at,
        om1_0.payload,
        om1_0.processed_at,
        om1_0.retry_count,
        om1_0.status 
    from
        outbox_messages om1_0 
    where
        om1_0.status=? 
        and (
            om1_0.next_retry_at is null 
            or om1_0.next_retry_at<=?
        ) 
    order by
        om1_0.created_at 
    fetch
        first ? rows only
Hibernate: 
    select
        om1_0.id,
        om1_0.aggregate_id,
        om1_0.aggregate_type,
        om1_0.created_at,
        om1_0.event_type,
        om1_0.next_retry_at,
        om1_0.payload,
        om1_0.processed_at,
        om1_0.retry_count,
        om1_0.status 
    from
        outbox_messages om1_0 
    where
        om1_0.status=? 
        and (
            om1_0.next_retry_at is null 
            or om1_0.next_retry_at<=?
        ) 
    order by
        om1_0.created_at 
    fetch
        first ? rows only
Hibernate: 
    select
        om1_0.id,
        om1_0.aggregate_id,
        om1_0.aggregate_type,
        om1_0.created_at,
        om1_0.event_type,
        om1_0.next_retry_at,
        om1_0.payload,
        om1_0.processed_at,
        om1_0.retry_count,
        om1_0.status 
    from
        outbox_messages om1_0 
    where
        om1_0.status=? 
        and (
            om1_0.next_retry_at is null 
            or om1_0.next_retry_at<=?
        ) 
    order by
        om1_0.created_at 
    fetch
        first ? rows only
Hibernate: 
    select
        om1_0.id,
        om1_0.aggregate_id,
        om1_0.aggregate_type,
        om1_0.created_at,
        om1_0.event_type,
        om1_0.next_retry_at,
        om1_0.payload,
        om1_0.processed_at,
        om1_0.retry_count,
        om1_0.status 
    from
        outbox_messages om1_0 
    where
        om1_0.status=? 
        and (
            om1_0.next_retry_at is null 
            or om1_0.next_retry_at<=?
        ) 
    order by
        om1_0.created_at 
    fetch
        first ? rows only
Hibernate: 
    select
        om1_0.id,
        om1_0.aggregate_id,
        om1_0.aggregate_type,
        om1_0.created_at,
        om1_0.event_type,
        om1_0.next_retry_at,
        om1_0.payload,
        om1_0.processed_at,
        om1_0.retry_count,
        om1_0.status 
    from
        outbox_messages om1_0 
    where
        om1_0.status=? 
        and (
            om1_0.next_retry_at is null 
            or om1_0.next_retry_at<=?
        ) 
    order by
        om1_0.created_at 
    fetch
        first ? rows only
Hibernate: 
    select
        om1_0.id,
        om1_0.aggregate_id,
        om1_0.aggregate_type,
        om1_0.created_at,
        om1_0.event_type,
        om1_0.next_retry_at,
        om1_0.payload,
        om1_0.processed_at,
        om1_0.retry_count,
        om1_0.status 
    from
        outbox_messages om1_0 
    where
        om1_0.status=? 
        and (
            om1_0.next_retry_at is null 
            or om1_0.next_retry_at<=?
        ) 
    order by
        om1_0.created_at 
    fetch
        first ? rows only
Hibernate: 
    select
        om1_0.id,
        om1_0.aggregate_id,
        om1_0.aggregate_type,
        om1_0.created_at,
        om1_0.event_type,
        om1_0.next_retry_at,
        om1_0.payload,
        om1_0.processed_at,
        om1_0.retry_count,
        om1_0.status 
    from
        outbox_messages om1_0 
    where
        om1_0.status=? 
        and (
            om1_0.next_retry_at is null 
            or om1_0.next_retry_at<=?
        ) 
    order by
        om1_0.created_at 
    fetch
        first ? rows only
Hibernate: 
    select
        om1_0.id,
        om1_0.aggregate_id,
        om1_0.aggregate_type,
        om1_0.created_at,
        om1_0.event_type,
        om1_0.next_retry_at,
        om1_0.payload,
        om1_0.processed_at,
        om1_0.retry_count,
        om1_0.status 
    from
        outbox_messages om1_0 
    where
        om1_0.status=? 
        and (
            om1_0.next_retry_at is null 
            or om1_0.next_retry_at<=?
        ) 
    order by
        om1_0.created_at 
    fetch
        first ? rows only
Hibernate: 
    select
        om1_0.id,
        om1_0.aggregate_id,
        om1_0.aggregate_type,
        om1_0.created_at,
        om1_0.event_type,
        om1_0.next_retry_at,
        om1_0.payload,
        om1_0.processed_at,
        om1_0.retry_count,
        om1_0.status 
    from
        outbox_messages om1_0 
    where
        om1_0.status=? 
        and (
            om1_0.next_retry_at is null 
            or om1_0.next_retry_at<=?
        ) 
    order by
        om1_0.created_at 
    fetch
        first ? rows only
Hibernate: 
    select
        om1_0.id,
        om1_0.aggregate_id,
        om1_0.aggregate_type,
        om1_0.created_at,
        om1_0.event_type,
        om1_0.next_retry_at,
        om1_0.payload,
        om1_0.processed_at,
        om1_0.retry_count,
        om1_0.status 
    from
        outbox_messages om1_0 
    where
        om1_0.status=? 
        and (
            om1_0.next_retry_at is null 
            or om1_0.next_retry_at<=?
        ) 
    order by
        om1_0.created_at 
    fetch
        first ? rows only
Hibernate: 
    select
        om1_0.id,
        om1_0.aggregate_id,
        om1_0.aggregate_type,
        om1_0.created_at,
        om1_0.event_type,
        om1_0.next_retry_at,
        om1_0.payload,
        om1_0.processed_at,
        om1_0.retry_count,
        om1_0.status 
    from
        outbox_messages om1_0 
    where
        om1_0.status=? 
        and (
            om1_0.next_retry_at is null 
            or om1_0.next_retry_at<=?
        ) 
    order by
        om1_0.created_at 
    fetch
        first ? rows only
Hibernate: 
    select
        om1_0.id,
        om1_0.aggregate_id,
        om1_0.aggregate_type,
        om1_0.created_at,
        om1_0.event_type,
        om1_0.next_retry_at,
        om1_0.payload,
        om1_0.processed_at,
        om1_0.retry_count,
        om1_0.status 
    from
        outbox_messages om1_0 
    where
        om1_0.status=? 
        and (
            om1_0.next_retry_at is null 
            or om1_0.next_retry_at<=?
        ) 
    order by
        om1_0.created_at 
    fetch
        first ? rows only
Hibernate: 
    select
        om1_0.id,
        om1_0.aggregate_id,
        om1_0.aggregate_type,
        om1_0.created_at,
        om1_0.event_type,
        om1_0.next_retry_at,
        om1_0.payload,
        om1_0.processed_at,
        om1_0.retry_count,
        om1_0.status 
    from
        outbox_messages om1_0 
    where
        om1_0.status=? 
        and (
            om1_0.next_retry_at is null 
            or om1_0.next_retry_at<=?
        ) 
    order by
        om1_0.created_at 
    fetch
        first ? rows only
Hibernate: 
    select
        om1_0.id,
        om1_0.aggregate_id,
        om1_0.aggregate_type,
        om1_0.created_at,
        om1_0.event_type,
        om1_0.next_retry_at,
        om1_0.payload,
        om1_0.processed_at,
        om1_0.retry_count,
        om1_0.status 
    from
        outbox_messages om1_0 
    where
        om1_0.status=? 
        and (
            om1_0.next_retry_at is null 
            or om1_0.next_retry_at<=?
        ) 
    order by
        om1_0.created_at 
    fetch
        first ? rows only
Hibernate: 
    select
        om1_0.id,
        om1_0.aggregate_id,
        om1_0.aggregate_type,
        om1_0.created_at,
        om1_0.event_type,
        om1_0.next_retry_at,
        om1_0.payload,
        om1_0.processed_at,
        om1_0.retry_count,
        om1_0.status 
    from
        outbox_messages om1_0 
    where
        om1_0.status=? 
        and (
            om1_0.next_retry_at is null 
            or om1_0.next_retry_at<=?
        ) 
    order by
        om1_0.created_at 
    fetch
        first ? rows only
Hibernate: 
    select
        om1_0.id,
        om1_0.aggregate_id,
        om1_0.aggregate_type,
        om1_0.created_at,
        om1_0.event_type,
        om1_0.next_retry_at,
        om1_0.payload,
        om1_0.processed_at,
        om1_0.retry_count,
        om1_0.status 
    from
        outbox_messages om1_0 
    where
        om1_0.status=? 
        and (
            om1_0.next_retry_at is null 
            or om1_0.next_retry_at<=?
        ) 
    order by
        om1_0.created_at 
    fetch
        first ? rows only
Hibernate: 
    select
        om1_0.id,
        om1_0.aggregate_id,
        om1_0.aggregate_type,
        om1_0.created_at,
        om1_0.event_type,
        om1_0.next_retry_at,
        om1_0.payload,
        om1_0.processed_at,
        om1_0.retry_count,
        om1_0.status 
    from
        outbox_messages om1_0 
    where
        om1_0.status=? 
        and (
            om1_0.next_retry_at is null 
            or om1_0.next_retry_at<=?
        ) 
    order by
        om1_0.created_at 
    fetch
        first ? rows only
Hibernate: 
    select
        om1_0.id,
        om1_0.aggregate_id,
        om1_0.aggregate_type,
        om1_0.created_at,
        om1_0.event_type,
        om1_0.next_retry_at,
        om1_0.payload,
        om1_0.processed_at,
        om1_0.retry_count,
        om1_0.status 
    from
        outbox_messages om1_0 
    where
        om1_0.status=? 
        and (
            om1_0.next_retry_at is null 
            or om1_0.next_retry_at<=?
        ) 
    order by
        om1_0.created_at 
    fetch
        first ? rows only
Hibernate: 
    select
        om1_0.id,
        om1_0.aggregate_id,
        om1_0.aggregate_type,
        om1_0.created_at,
        om1_0.event_type,
        om1_0.next_retry_at,
        om1_0.payload,
        om1_0.processed_at,
        om1_0.retry_count,
        om1_0.status 
    from
        outbox_messages om1_0 
    where
        om1_0.status=? 
        and (
            om1_0.next_retry_at is null 
            or om1_0.next_retry_at<=?
        ) 
    order by
        om1_0.created_at 
    fetch
        first ? rows only
Hibernate: 
    select
        om1_0.id,
        om1_0.aggregate_id,
        om1_0.aggregate_type,
        om1_0.created_at,
        om1_0.event_type,
        om1_0.next_retry_at,
        om1_0.payload,
        om1_0.processed_at,
        om1_0.retry_count,
        om1_0.status 
    from
        outbox_messages om1_0 
    where
        om1_0.status=? 
        and (
            om1_0.next_retry_at is null 
            or om1_0.next_retry_at<=?
        ) 
    order by
        om1_0.created_at 
    fetch
        first ? rows only
Hibernate: 
    select
        om1_0.id,
        om1_0.aggregate_id,
        om1_0.aggregate_type,
        om1_0.created_at,
        om1_0.event_type,
        om1_0.next_retry_at,
        om1_0.payload,
        om1_0.processed_at,
        om1_0.retry_count,
        om1_0.status 
    from
        outbox_messages om1_0 
    where
        om1_0.status=? 
        and (
            om1_0.next_retry_at is null 
            or om1_0.next_retry_at<=?
        ) 
    order by
        om1_0.created_at 
    fetch
        first ? rows only
Hibernate: 
    select
        om1_0.id,
        om1_0.aggregate_id,
        om1_0.aggregate_type,
        om1_0.created_at,
        om1_0.event_type,
        om1_0.next_retry_at,
        om1_0.payload,
        om1_0.processed_at,
        om1_0.retry_count,
        om1_0.status 
    from
        outbox_messages om1_0 
    where
        om1_0.status=? 
        and (
            om1_0.next_retry_at is null 
            or om1_0.next_retry_at<=?
        ) 
    order by
        om1_0.created_at 
    fetch
        first ? rows only
Hibernate: 
    select
        om1_0.id,
        om1_0.aggregate_id,
        om1_0.aggregate_type,
        om1_0.created_at,
        om1_0.event_type,
        om1_0.next_retry_at,
        om1_0.payload,
        om1_0.processed_at,
        om1_0.retry_count,
        om1_0.status 
    from
        outbox_messages om1_0 
    where
        om1_0.status=? 
        and (
            om1_0.next_retry_at is null 
            or om1_0.next_retry_at<=?
        ) 
    order by
        om1_0.created_at 
    fetch
        first ? rows only
Hibernate: 
    select
        om1_0.id,
        om1_0.aggregate_id,
        om1_0.aggregate_type,
        om1_0.created_at,
        om1_0.event_type,
        om1_0.next_retry_at,
        om1_0.payload,
        om1_0.processed_at,
        om1_0.retry_count,
        om1_0.status 
    from
        outbox_messages om1_0 
    where
        om1_0.status=? 
        and (
            om1_0.next_retry_at is null 
            or om1_0.next_retry_at<=?
        ) 
    order by
        om1_0.created_at 
    fetch
        first ? rows only
Hibernate: 
    select
        om1_0.id,
        om1_0.aggregate_id,
        om1_0.aggregate_type,
        om1_0.created_at,
        om1_0.event_type,
        om1_0.next_retry_at,
        om1_0.payload,
        om1_0.processed_at,
        om1_0.retry_count,
        om1_0.status 
    from
        outbox_messages om1_0 
    where
        om1_0.status=? 
        and (
            om1_0.next_retry_at is null 
            or om1_0.next_retry_at<=?
        ) 
    order by
        om1_0.created_at 
    fetch
        first ? rows only
Hibernate: 
    select
        om1_0.id,
        om1_0.aggregate_id,
        om1_0.aggregate_type,
        om1_0.created_at,
        om1_0.event_type,
        om1_0.next_retry_at,
        om1_0.payload,
        om1_0.processed_at,
        om1_0.retry_count,
        om1_0.status 
    from
        outbox_messages om1_0 
    where
        om1_0.status=? 
        and (
            om1_0.next_retry_at is null 
            or om1_0.next_retry_at<=?
        ) 
    order by
        om1_0.created_at 
    fetch
        first ? rows only
Hibernate: 
    select
        om1_0.id,
        om1_0.aggregate_id,
        om1_0.aggregate_type,
        om1_0.created_at,
        om1_0.event_type,
        om1_0.next_retry_at,
        om1_0.payload,
        om1_0.processed_at,
        om1_0.retry_count,
        om1_0.status 
    from
        outbox_messages om1_0 
    where
        om1_0.status=? 
        and (
            om1_0.next_retry_at is null 
            or om1_0.next_retry_at<=?
        ) 
    order by
        om1_0.created_at 
    fetch
        first ? rows only
Hibernate: 
    select
        om1_0.id,
        om1_0.aggregate_id,
        om1_0.aggregate_type,
        om1_0.created_at,
        om1_0.event_type,
        om1_0.next_retry_at,
        om1_0.payload,
        om1_0.processed_at,
        om1_0.retry_count,
        om1_0.status 
    from
        outbox_messages om1_0 
    where
        om1_0.status=? 
        and (
            om1_0.next_retry_at is null 
            or om1_0.next_retry_at<=?
        ) 
    order by
        om1_0.created_at 
    fetch
        first ? rows only
Hibernate: 
    select
        om1_0.id,
        om1_0.aggregate_id,
        om1_0.aggregate_type,
        om1_0.created_at,
        om1_0.event_type,
        om1_0.next_retry_at,
        om1_0.payload,
        om1_0.processed_at,
        om1_0.retry_count,
        om1_0.status 
    from
        outbox_messages om1_0 
    where
        om1_0.status=? 
        and (
            om1_0.next_retry_at is null 
            or om1_0.next_retry_at<=?
        ) 
    order by
        om1_0.created_at 
    fetch
        first ? rows only
Hibernate: 
    select
        om1_0.id,
        om1_0.aggregate_id,
        om1_0.aggregate_type,
        om1_0.created_at,
        om1_0.event_type,
        om1_0.next_retry_at,
        om1_0.payload,
        om1_0.processed_at,
        om1_0.retry_count,
        om1_0.status 
    from
        outbox_messages om1_0 
    where
        om1_0.status=? 
        and (
            om1_0.next_retry_at is null 
            or om1_0.next_retry_at<=?
        ) 
    order by
        om1_0.created_at 
    fetch
        first ? rows only
Hibernate: 
    select
        om1_0.id,
        om1_0.aggregate_id,
        om1_0.aggregate_type,
        om1_0.created_at,
        om1_0.event_type,
        om1_0.next_retry_at,
        om1_0.payload,
        om1_0.processed_at,
        om1_0.retry_count,
        om1_0.status 
    from
        outbox_messages om1_0 
    where
        om1_0.status=? 
        and (
            om1_0.next_retry_at is null 
            or om1_0.next_retry_at<=?
        ) 
    order by
        om1_0.created_at 
    fetch
        first ? rows only
Hibernate: 
    select
        om1_0.id,
        om1_0.aggregate_id,
        om1_0.aggregate_type,
        om1_0.created_at,
        om1_0.event_type,
        om1_0.next_retry_at,
        om1_0.payload,
        om1_0.processed_at,
        om1_0.retry_count,
        om1_0.status 
    from
        outbox_messages om1_0 
    where
        om1_0.status=? 
        and (
            om1_0.next_retry_at is null 
            or om1_0.next_retry_at<=?
        ) 
    order by
        om1_0.created_at 
    fetch
        first ? rows only
Hibernate: 
    select
        om1_0.id,
        om1_0.aggregate_id,
        om1_0.aggregate_type,
        om1_0.created_at,
        om1_0.event_type,
        om1_0.next_retry_at,
        om1_0.payload,
        om1_0.processed_at,
        om1_0.retry_count,
        om1_0.status 
    from
        outbox_messages om1_0 
    where
        om1_0.status=? 
        and (
            om1_0.next_retry_at is null 
            or om1_0.next_retry_at<=?
        ) 
    order by
        om1_0.created_at 
    fetch
        first ? rows only
Hibernate: 
    select
        om1_0.id,
        om1_0.aggregate_id,
        om1_0.aggregate_type,
        om1_0.created_at,
        om1_0.event_type,
        om1_0.next_retry_at,
        om1_0.payload,
        om1_0.processed_at,
        om1_0.retry_count,
        om1_0.status 
    from
        outbox_messages om1_0 
    where
        om1_0.status=? 
        and (
            om1_0.next_retry_at is null 
            or om1_0.next_retry_at<=?
        ) 
    order by
        om1_0.created_at 
    fetch
        first ? rows only
Hibernate: 
    select
        om1_0.id,
        om1_0.aggregate_id,
        om1_0.aggregate_type,
        om1_0.created_at,
        om1_0.event_type,
        om1_0.next_retry_at,
        om1_0.payload,
        om1_0.processed_at,
        om1_0.retry_count,
        om1_0.status 
    from
        outbox_messages om1_0 
    where
        om1_0.status=? 
        and (
            om1_0.next_retry_at is null 
            or om1_0.next_retry_at<=?
        ) 
    order by
        om1_0.created_at 
    fetch
        first ? rows only
Hibernate: 
    select
        om1_0.id,
        om1_0.aggregate_id,
        om1_0.aggregate_type,
        om1_0.created_at,
        om1_0.event_type,
        om1_0.next_retry_at,
        om1_0.payload,
        om1_0.processed_at,
        om1_0.retry_count,
        om1_0.status 
    from
        outbox_messages om1_0 
    where
        om1_0.status=? 
        and (
            om1_0.next_retry_at is null 
            or om1_0.next_retry_at<=?
        ) 
    order by
        om1_0.created_at 
    fetch
        first ? rows only
Hibernate: 
    select
        om1_0.id,
        om1_0.aggregate_id,
        om1_0.aggregate_type,
        om1_0.created_at,
        om1_0.event_type,
        om1_0.next_retry_at,
        om1_0.payload,
        om1_0.processed_at,
        om1_0.retry_count,
        om1_0.status 
    from
        outbox_messages om1_0 
    where
        om1_0.status=? 
        and (
            om1_0.next_retry_at is null 
            or om1_0.next_retry_at<=?
        ) 
    order by
        om1_0.created_at 
    fetch
        first ? rows only
Hibernate: 
    select
        om1_0.id,
        om1_0.aggregate_id,
        om1_0.aggregate_type,
        om1_0.created_at,
        om1_0.event_type,
        om1_0.next_retry_at,
        om1_0.payload,
        om1_0.processed_at,
        om1_0.retry_count,
        om1_0.status 
    from
        outbox_messages om1_0 
    where
        om1_0.status=? 
        and (
            om1_0.next_retry_at is null 
            or om1_0.next_retry_at<=?
        ) 
    order by
        om1_0.created_at 
    fetch
        first ? rows only
Hibernate: 
    select
        om1_0.id,
        om1_0.aggregate_id,
        om1_0.aggregate_type,
        om1_0.created_at,
        om1_0.event_type,
        om1_0.next_retry_at,
        om1_0.payload,
        om1_0.processed_at,
        om1_0.retry_count,
        om1_0.status 
    from
        outbox_messages om1_0 
    where
        om1_0.status=? 
        and (
            om1_0.next_retry_at is null 
            or om1_0.next_retry_at<=?
        ) 
    order by
        om1_0.created_at 
    fetch
        first ? rows only
Hibernate: 
    select
        om1_0.id,
        om1_0.aggregate_id,
        om1_0.aggregate_type,
        om1_0.created_at,
        om1_0.event_type,
        om1_0.next_retry_at,
        om1_0.payload,
        om1_0.processed_at,
        om1_0.retry_count,
        om1_0.status 
    from
        outbox_messages om1_0 
    where
        om1_0.status=? 
        and (
            om1_0.next_retry_at is null 
            or om1_0.next_retry_at<=?
        ) 
    order by
        om1_0.created_at 
    fetch
        first ? rows only
Hibernate: 
    select
        om1_0.id,
        om1_0.aggregate_id,
        om1_0.aggregate_type,
        om1_0.created_at,
        om1_0.event_type,
        om1_0.next_retry_at,
        om1_0.payload,
        om1_0.processed_at,
        om1_0.retry_count,
        om1_0.status 
    from
        outbox_messages om1_0 
    where
        om1_0.status=? 
        and (
            om1_0.next_retry_at is null 
            or om1_0.next_retry_at<=?
        ) 
    order by
        om1_0.created_at 
    fetch
        first ? rows only
Hibernate: 
    select
        om1_0.id,
        om1_0.aggregate_id,
        om1_0.aggregate_type,
        om1_0.created_at,
        om1_0.event_type,
        om1_0.next_retry_at,
        om1_0.payload,
        om1_0.processed_at,
        om1_0.retry_count,
        om1_0.status 
    from
        outbox_messages om1_0 
    where
        om1_0.status=? 
        and (
            om1_0.next_retry_at is null 
            or om1_0.next_retry_at<=?
        ) 
    order by
        om1_0.created_at 
    fetch
        first ? rows only
Hibernate: 
    select
        om1_0.id,
        om1_0.aggregate_id,
        om1_0.aggregate_type,
        om1_0.created_at,
        om1_0.event_type,
        om1_0.next_retry_at,
        om1_0.payload,
        om1_0.processed_at,
        om1_0.retry_count,
        om1_0.status 
    from
        outbox_messages om1_0 
    where
        om1_0.status=? 
        and (
            om1_0.next_retry_at is null 
            or om1_0.next_retry_at<=?
        ) 
    order by
        om1_0.created_at 
    fetch
        first ? rows only
Hibernate: 
    select
        om1_0.id,
        om1_0.aggregate_id,
        om1_0.aggregate_type,
        om1_0.created_at,
        om1_0.event_type,
        om1_0.next_retry_at,
        om1_0.payload,
        om1_0.processed_at,
        om1_0.retry_count,
        om1_0.status 
    from
        outbox_messages om1_0 
    where
        om1_0.status=? 
        and (
            om1_0.next_retry_at is null 
            or om1_0.next_retry_at<=?
        ) 
    order by
        om1_0.created_at 
    fetch
        first ? rows only
Hibernate: 
    select
        om1_0.id,
        om1_0.aggregate_id,
        om1_0.aggregate_type,
        om1_0.created_at,
        om1_0.event_type,
        om1_0.next_retry_at,
        om1_0.payload,
        om1_0.processed_at,
        om1_0.retry_count,
        om1_0.status 
    from
        outbox_messages om1_0 
    where
        om1_0.status=? 
        and (
            om1_0.next_retry_at is null 
            or om1_0.next_retry_at<=?
        ) 
    order by
        om1_0.created_at 
    fetch
        first ? rows only
Hibernate: 
    select
        om1_0.id,
        om1_0.aggregate_id,
        om1_0.aggregate_type,
        om1_0.created_at,
        om1_0.event_type,
        om1_0.next_retry_at,
        om1_0.payload,
        om1_0.processed_at,
        om1_0.retry_count,
        om1_0.status 
    from
        outbox_messages om1_0 
    where
        om1_0.status=? 
        and (
            om1_0.next_retry_at is null 
            or om1_0.next_retry_at<=?
        ) 
    order by
        om1_0.created_at 
    fetch
        first ? rows only
Hibernate: 
    select
        om1_0.id,
        om1_0.aggregate_id,
        om1_0.aggregate_type,
        om1_0.created_at,
        om1_0.event_type,
        om1_0.next_retry_at,
        om1_0.payload,
        om1_0.processed_at,
        om1_0.retry_count,
        om1_0.status 
    from
        outbox_messages om1_0 
    where
        om1_0.status=? 
        and (
            om1_0.next_retry_at is null 
            or om1_0.next_retry_at<=?
        ) 
    order by
        om1_0.created_at 
    fetch
        first ? rows only
Hibernate: 
    select
        om1_0.id,
        om1_0.aggregate_id,
        om1_0.aggregate_type,
        om1_0.created_at,
        om1_0.event_type,
        om1_0.next_retry_at,
        om1_0.payload,
        om1_0.processed_at,
        om1_0.retry_count,
        om1_0.status 
    from
        outbox_messages om1_0 
    where
        om1_0.status=? 
        and (
            om1_0.next_retry_at is null 
            or om1_0.next_retry_at<=?
        ) 
    order by
        om1_0.created_at 
    fetch
        first ? rows only
Hibernate: 
    select
        om1_0.id,
        om1_0.aggregate_id,
        om1_0.aggregate_type,
        om1_0.created_at,
        om1_0.event_type,
        om1_0.next_retry_at,
        om1_0.payload,
        om1_0.processed_at,
        om1_0.retry_count,
        om1_0.status 
    from
        outbox_messages om1_0 
    where
        om1_0.status=? 
        and (
            om1_0.next_retry_at is null 
            or om1_0.next_retry_at<=?
        ) 
    order by
        om1_0.created_at 
    fetch
        first ? rows only
Hibernate: 
    select
        om1_0.id,
        om1_0.aggregate_id,
        om1_0.aggregate_type,
        om1_0.created_at,
        om1_0.event_type,
        om1_0.next_retry_at,
        om1_0.payload,
        om1_0.processed_at,
        om1_0.retry_count,
        om1_0.status 
    from
        outbox_messages om1_0 
    where
        om1_0.status=? 
        and (
            om1_0.next_retry_at is null 
            or om1_0.next_retry_at<=?
        ) 
    order by
        om1_0.created_at 
    fetch
        first ? rows only
Hibernate: 
    select
        om1_0.id,
        om1_0.aggregate_id,
        om1_0.aggregate_type,
        om1_0.created_at,
        om1_0.event_type,
        om1_0.next_retry_at,
        om1_0.payload,
        om1_0.processed_at,
        om1_0.retry_count,
        om1_0.status 
    from
        outbox_messages om1_0 
    where
        om1_0.status=? 
        and (
            om1_0.next_retry_at is null 
            or om1_0.next_retry_at<=?
        ) 
    order by
        om1_0.created_at 
    fetch
        first ? rows only
Hibernate: 
    select
        om1_0.id,
        om1_0.aggregate_id,
        om1_0.aggregate_type,
        om1_0.created_at,
        om1_0.event_type,
        om1_0.next_retry_at,
        om1_0.payload,
        om1_0.processed_at,
        om1_0.retry_count,
        om1_0.status 
    from
        outbox_messages om1_0 
    where
        om1_0.status=? 
        and (
            om1_0.next_retry_at is null 
            or om1_0.next_retry_at<=?
        ) 
    order by
        om1_0.created_at 
    fetch
        first ? rows only
Hibernate: 
    select
        om1_0.id,
        om1_0.aggregate_id,
        om1_0.aggregate_type,
        om1_0.created_at,
        om1_0.event_type,
        om1_0.next_retry_at,
        om1_0.payload,
        om1_0.processed_at,
        om1_0.retry_count,
        om1_0.status 
    from
        outbox_messages om1_0 
    where
        om1_0.status=? 
        and (
            om1_0.next_retry_at is null 
            or om1_0.next_retry_at<=?
        ) 
    order by
        om1_0.created_at 
    fetch
        first ? rows only
Hibernate: 
    select
        om1_0.id,
        om1_0.aggregate_id,
        om1_0.aggregate_type,
        om1_0.created_at,
        om1_0.event_type,
        om1_0.next_retry_at,
        om1_0.payload,
        om1_0.processed_at,
        om1_0.retry_count,
        om1_0.status 
    from
        outbox_messages om1_0 
    where
        om1_0.status=? 
        and (
            om1_0.next_retry_at is null 
            or om1_0.next_retry_at<=?
        ) 
    order by
        om1_0.created_at 
    fetch
        first ? rows only
Hibernate: 
    select
        om1_0.id,
        om1_0.aggregate_id,
        om1_0.aggregate_type,
        om1_0.created_at,
        om1_0.event_type,
        om1_0.next_retry_at,
        om1_0.payload,
        om1_0.processed_at,
        om1_0.retry_count,
        om1_0.status 
    from
        outbox_messages om1_0 
    where
        om1_0.status=? 
        and (
            om1_0.next_retry_at is null 
            or om1_0.next_retry_at<=?
        ) 
    order by
        om1_0.created_at 
    fetch
        first ? rows only
Hibernate: 
    select
        om1_0.id,
        om1_0.aggregate_id,
        om1_0.aggregate_type,
        om1_0.created_at,
        om1_0.event_type,
        om1_0.next_retry_at,
        om1_0.payload,
        om1_0.processed_at,
        om1_0.retry_count,
        om1_0.status 
    from
        outbox_messages om1_0 
    where
        om1_0.status=? 
        and (
            om1_0.next_retry_at is null 
            or om1_0.next_retry_at<=?
        ) 
    order by
        om1_0.created_at 
    fetch
        first ? rows only
Hibernate: 
    select
        om1_0.id,
        om1_0.aggregate_id,
        om1_0.aggregate_type,
        om1_0.created_at,
        om1_0.event_type,
        om1_0.next_retry_at,
        om1_0.payload,
        om1_0.processed_at,
        om1_0.retry_count,
        om1_0.status 
    from
        outbox_messages om1_0 
    where
        om1_0.status=? 
        and (
            om1_0.next_retry_at is null 
            or om1_0.next_retry_at<=?
        ) 
    order by
        om1_0.created_at 
    fetch
        first ? rows only
Hibernate: 
    select
        om1_0.id,
        om1_0.aggregate_id,
        om1_0.aggregate_type,
        om1_0.created_at,
        om1_0.event_type,
        om1_0.next_retry_at,
        om1_0.payload,
        om1_0.processed_at,
        om1_0.retry_count,
        om1_0.status 
    from
        outbox_messages om1_0 
    where
        om1_0.status=? 
        and (
            om1_0.next_retry_at is null 
            or om1_0.next_retry_at<=?
        ) 
    order by
        om1_0.created_at 
    fetch
        first ? rows only
Hibernate: 
    select
        om1_0.id,
        om1_0.aggregate_id,
        om1_0.aggregate_type,
        om1_0.created_at,
        om1_0.event_type,
        om1_0.next_retry_at,
        om1_0.payload,
        om1_0.processed_at,
        om1_0.retry_count,
        om1_0.status 
    from
        outbox_messages om1_0 
    where
        om1_0.status=? 
        and (
            om1_0.next_retry_at is null 
            or om1_0.next_retry_at<=?
        ) 
    order by
        om1_0.created_at 
    fetch
        first ? rows only
Hibernate: 
    select
        om1_0.id,
        om1_0.aggregate_id,
        om1_0.aggregate_type,
        om1_0.created_at,
        om1_0.event_type,
        om1_0.next_retry_at,
        om1_0.payload,
        om1_0.processed_at,
        om1_0.retry_count,
        om1_0.status 
    from
        outbox_messages om1_0 
    where
        om1_0.status=? 
        and (
            om1_0.next_retry_at is null 
            or om1_0.next_retry_at<=?
        ) 
    order by
        om1_0.created_at 
    fetch
        first ? rows only
Hibernate: 
    select
        om1_0.id,
        om1_0.aggregate_id,
        om1_0.aggregate_type,
        om1_0.created_at,
        om1_0.event_type,
        om1_0.next_retry_at,
        om1_0.payload,
        om1_0.processed_at,
        om1_0.retry_count,
        om1_0.status 
    from
        outbox_messages om1_0 
    where
        om1_0.status=? 
        and (
            om1_0.next_retry_at is null 
            or om1_0.next_retry_at<=?
        ) 
    order by
        om1_0.created_at 
    fetch
        first ? rows only
Hibernate: 
    select
        om1_0.id,
        om1_0.aggregate_id,
        om1_0.aggregate_type,
        om1_0.created_at,
        om1_0.event_type,
        om1_0.next_retry_at,
        om1_0.payload,
        om1_0.processed_at,
        om1_0.retry_count,
        om1_0.status 
    from
        outbox_messages om1_0 
    where
        om1_0.status=? 
        and (
            om1_0.next_retry_at is null 
            or om1_0.next_retry_at<=?
        ) 
    order by
        om1_0.created_at 
    fetch
        first ? rows only
Hibernate: 
    select
        om1_0.id,
        om1_0.aggregate_id,
        om1_0.aggregate_type,
        om1_0.created_at,
        om1_0.event_type,
        om1_0.next_retry_at,
        om1_0.payload,
        om1_0.processed_at,
        om1_0.retry_count,
        om1_0.status 
    from
        outbox_messages om1_0 
    where
        om1_0.status=? 
        and (
            om1_0.next_retry_at is null 
            or om1_0.next_retry_at<=?
        ) 
    order by
        om1_0.created_at 
    fetch
        first ? rows only
Hibernate: 
    select
        om1_0.id,
        om1_0.aggregate_id,
        om1_0.aggregate_type,
        om1_0.created_at,
        om1_0.event_type,
        om1_0.next_retry_at,
        om1_0.payload,
        om1_0.processed_at,
        om1_0.retry_count,
        om1_0.status 
    from
        outbox_messages om1_0 
    where
        om1_0.status=? 
        and (
            om1_0.next_retry_at is null 
            or om1_0.next_retry_at<=?
        ) 
    order by
        om1_0.created_at 
    fetch
        first ? rows only
Hibernate: 
    select
        om1_0.id,
        om1_0.aggregate_id,
        om1_0.aggregate_type,
        om1_0.created_at,
        om1_0.event_type,
        om1_0.next_retry_at,
        om1_0.payload,
        om1_0.processed_at,
        om1_0.retry_count,
        om1_0.status 
    from
        outbox_messages om1_0 
    where
        om1_0.status=? 
        and (
            om1_0.next_retry_at is null 
            or om1_0.next_retry_at<=?
        ) 
    order by
        om1_0.created_at 
    fetch
        first ? rows only
Hibernate: 
    select
        om1_0.id,
        om1_0.aggregate_id,
        om1_0.aggregate_type,
        om1_0.created_at,
        om1_0.event_type,
        om1_0.next_retry_at,
        om1_0.payload,
        om1_0.processed_at,
        om1_0.retry_count,
        om1_0.status 
    from
        outbox_messages om1_0 
    where
        om1_0.status=? 
        and (
            om1_0.next_retry_at is null 
            or om1_0.next_retry_at<=?
        ) 
    order by
        om1_0.created_at 
    fetch
        first ? rows only
Hibernate: 
    select
        om1_0.id,
        om1_0.aggregate_id,
        om1_0.aggregate_type,
        om1_0.created_at,
        om1_0.event_type,
        om1_0.next_retry_at,
        om1_0.payload,
        om1_0.processed_at,
        om1_0.retry_count,
        om1_0.status 
    from
        outbox_messages om1_0 
    where
        om1_0.status=? 
        and (
            om1_0.next_retry_at is null 
            or om1_0.next_retry_at<=?
        ) 
    order by
        om1_0.created_at 
    fetch
        first ? rows only
Hibernate: 
    select
        om1_0.id,
        om1_0.aggregate_id,
        om1_0.aggregate_type,
        om1_0.created_at,
        om1_0.event_type,
        om1_0.next_retry_at,
        om1_0.payload,
        om1_0.processed_at,
        om1_0.retry_count,
        om1_0.status 
    from
        outbox_messages om1_0 
    where
        om1_0.status=? 
        and (
            om1_0.next_retry_at is null 
            or om1_0.next_retry_at<=?
        ) 
    order by
        om1_0.created_at 
    fetch
        first ? rows only
Hibernate: 
    select
        om1_0.id,
        om1_0.aggregate_id,
        om1_0.aggregate_type,
        om1_0.created_at,
        om1_0.event_type,
        om1_0.next_retry_at,
        om1_0.payload,
        om1_0.processed_at,
        om1_0.retry_count,
        om1_0.status 
    from
        outbox_messages om1_0 
    where
        om1_0.status=? 
        and (
            om1_0.next_retry_at is null 
            or om1_0.next_retry_at<=?
        ) 
    order by
        om1_0.created_at 
    fetch
        first ? rows only
Hibernate: 
    select
        om1_0.id,
        om1_0.aggregate_id,
        om1_0.aggregate_type,
        om1_0.created_at,
        om1_0.event_type,
        om1_0.next_retry_at,
        om1_0.payload,
        om1_0.processed_at,
        om1_0.retry_count,
        om1_0.status 
    from
        outbox_messages om1_0 
    where
        om1_0.status=? 
        and (
            om1_0.next_retry_at is null 
            or om1_0.next_retry_at<=?
        ) 
    order by
        om1_0.created_at 
    fetch
        first ? rows only
Hibernate: 
    select
        om1_0.id,
        om1_0.aggregate_id,
        om1_0.aggregate_type,
        om1_0.created_at,
        om1_0.event_type,
        om1_0.next_retry_at,
        om1_0.payload,
        om1_0.processed_at,
        om1_0.retry_count,
        om1_0.status 
    from
        outbox_messages om1_0 
    where
        om1_0.status=? 
        and (
            om1_0.next_retry_at is null 
            or om1_0.next_retry_at<=?
        ) 
    order by
        om1_0.created_at 
    fetch
        first ? rows only
Hibernate: 
    select
        om1_0.id,
        om1_0.aggregate_id,
        om1_0.aggregate_type,
        om1_0.created_at,
        om1_0.event_type,
        om1_0.next_retry_at,
        om1_0.payload,
        om1_0.processed_at,
        om1_0.retry_count,
        om1_0.status 
    from
        outbox_messages om1_0 
    where
        om1_0.status=? 
        and (
            om1_0.next_retry_at is null 
            or om1_0.next_retry_at<=?
        ) 
    order by
        om1_0.created_at 
    fetch
        first ? rows only
Hibernate: 
    select
        om1_0.id,
        om1_0.aggregate_id,
        om1_0.aggregate_type,
        om1_0.created_at,
        om1_0.event_type,
        om1_0.next_retry_at,
        om1_0.payload,
        om1_0.processed_at,
        om1_0.retry_count,
        om1_0.status 
    from
        outbox_messages om1_0 
    where
        om1_0.status=? 
        and (
            om1_0.next_retry_at is null 
            or om1_0.next_retry_at<=?
        ) 
    order by
        om1_0.created_at 
    fetch
        first ? rows only
Hibernate: 
    select
        om1_0.id,
        om1_0.aggregate_id,
        om1_0.aggregate_type,
        om1_0.created_at,
        om1_0.event_type,
        om1_0.next_retry_at,
        om1_0.payload,
        om1_0.processed_at,
        om1_0.retry_count,
        om1_0.status 
    from
        outbox_messages om1_0 
    where
        om1_0.status=? 
        and (
            om1_0.next_retry_at is null 
            or om1_0.next_retry_at<=?
        ) 
    order by
        om1_0.created_at 
    fetch
        first ? rows only
Hibernate: 
    select
        om1_0.id,
        om1_0.aggregate_id,
        om1_0.aggregate_type,
        om1_0.created_at,
        om1_0.event_type,
        om1_0.next_retry_at,
        om1_0.payload,
        om1_0.processed_at,
        om1_0.retry_count,
        om1_0.status 
    from
        outbox_messages om1_0 
    where
        om1_0.status=? 
        and (
            om1_0.next_retry_at is null 
            or om1_0.next_retry_at<=?
        ) 
    order by
        om1_0.created_at 
    fetch
        first ? rows only
Hibernate: 
    select
        om1_0.id,
        om1_0.aggregate_id,
        om1_0.aggregate_type,
        om1_0.created_at,
        om1_0.event_type,
        om1_0.next_retry_at,
        om1_0.payload,
        om1_0.processed_at,
        om1_0.retry_count,
        om1_0.status 
    from
        outbox_messages om1_0 
    where
        om1_0.status=? 
        and (
            om1_0.next_retry_at is null 
            or om1_0.next_retry_at<=?
        ) 
    order by
        om1_0.created_at 
    fetch
        first ? rows only
Hibernate: 
    select
        om1_0.id,
        om1_0.aggregate_id,
        om1_0.aggregate_type,
        om1_0.created_at,
        om1_0.event_type,
        om1_0.next_retry_at,
        om1_0.payload,
        om1_0.processed_at,
        om1_0.retry_count,
        om1_0.status 
    from
        outbox_messages om1_0 
    where
        om1_0.status=? 
        and (
            om1_0.next_retry_at is null 
            or om1_0.next_retry_at<=?
        ) 
    order by
        om1_0.created_at 
    fetch
        first ? rows only
Hibernate: 
    select
        om1_0.id,
        om1_0.aggregate_id,
        om1_0.aggregate_type,
        om1_0.created_at,
        om1_0.event_type,
        om1_0.next_retry_at,
        om1_0.payload,
        om1_0.processed_at,
        om1_0.retry_count,
        om1_0.status 
    from
        outbox_messages om1_0 
    where
        om1_0.status=? 
        and (
            om1_0.next_retry_at is null 
            or om1_0.next_retry_at<=?
        ) 
    order by
        om1_0.created_at 
    fetch
        first ? rows only
Hibernate: 
    select
        om1_0.id,
        om1_0.aggregate_id,
        om1_0.aggregate_type,
        om1_0.created_at,
        om1_0.event_type,
        om1_0.next_retry_at,
        om1_0.payload,
        om1_0.processed_at,
        om1_0.retry_count,
        om1_0.status 
    from
        outbox_messages om1_0 
    where
        om1_0.status=? 
        and (
            om1_0.next_retry_at is null 
            or om1_0.next_retry_at<=?
        ) 
    order by
        om1_0.created_at 
    fetch
        first ? rows only
Hibernate: 
    select
        om1_0.id,
        om1_0.aggregate_id,
        om1_0.aggregate_type,
        om1_0.created_at,
        om1_0.event_type,
        om1_0.next_retry_at,
        om1_0.payload,
        om1_0.processed_at,
        om1_0.retry_count,
        om1_0.status 
    from
        outbox_messages om1_0 
    where
        om1_0.status=? 
        and (
            om1_0.next_retry_at is null 
            or om1_0.next_retry_at<=?
        ) 
    order by
        om1_0.created_at 
    fetch
        first ? rows only
Hibernate: 
    select
        om1_0.id,
        om1_0.aggregate_id,
        om1_0.aggregate_type,
        om1_0.created_at,
        om1_0.event_type,
        om1_0.next_retry_at,
        om1_0.payload,
        om1_0.processed_at,
        om1_0.retry_count,
        om1_0.status 
    from
        outbox_messages om1_0 
    where
        om1_0.status=? 
        and (
            om1_0.next_retry_at is null 
            or om1_0.next_retry_at<=?
        ) 
    order by
        om1_0.created_at 
    fetch
        first ? rows only
Hibernate: 
    select
        om1_0.id,
        om1_0.aggregate_id,
        om1_0.aggregate_type,
        om1_0.created_at,
        om1_0.event_type,
        om1_0.next_retry_at,
        om1_0.payload,
        om1_0.processed_at,
        om1_0.retry_count,
        om1_0.status 
    from
        outbox_messages om1_0 
    where
        om1_0.status=? 
        and (
            om1_0.next_retry_at is null 
            or om1_0.next_retry_at<=?
        ) 
    order by
        om1_0.created_at 
    fetch
        first ? rows only
Hibernate: 
    select
        om1_0.id,
        om1_0.aggregate_id,
        om1_0.aggregate_type,
        om1_0.created_at,
        om1_0.event_type,
        om1_0.next_retry_at,
        om1_0.payload,
        om1_0.processed_at,
        om1_0.retry_count,
        om1_0.status 
    from
        outbox_messages om1_0 
    where
        om1_0.status=? 
        and (
            om1_0.next_retry_at is null 
            or om1_0.next_retry_at<=?
        ) 
    order by
        om1_0.created_at 
    fetch
        first ? rows only
Hibernate: 
    select
        om1_0.id,
        om1_0.aggregate_id,
        om1_0.aggregate_type,
        om1_0.created_at,
        om1_0.event_type,
        om1_0.next_retry_at,
        om1_0.payload,
        om1_0.processed_at,
        om1_0.retry_count,
        om1_0.status 
    from
        outbox_messages om1_0 
    where
        om1_0.status=? 
        and (
            om1_0.next_retry_at is null 
            or om1_0.next_retry_at<=?
        ) 
    order by
        om1_0.created_at 
    fetch
        first ? rows only
Hibernate: 
    select
        om1_0.id,
        om1_0.aggregate_id,
        om1_0.aggregate_type,
        om1_0.created_at,
        om1_0.event_type,
        om1_0.next_retry_at,
        om1_0.payload,
        om1_0.processed_at,
        om1_0.retry_count,
        om1_0.status 
    from
        outbox_messages om1_0 
    where
        om1_0.status=? 
        and (
            om1_0.next_retry_at is null 
            or om1_0.next_retry_at<=?
        ) 
    order by
        om1_0.created_at 
    fetch
        first ? rows only
Hibernate: 
    select
        om1_0.id,
        om1_0.aggregate_id,
        om1_0.aggregate_type,
        om1_0.created_at,
        om1_0.event_type,
        om1_0.next_retry_at,
        om1_0.payload,
        om1_0.processed_at,
        om1_0.retry_count,
        om1_0.status 
    from
        outbox_messages om1_0 
    where
        om1_0.status=? 
        and (
            om1_0.next_retry_at is null 
            or om1_0.next_retry_at<=?
        ) 
    order by
        om1_0.created_at 
    fetch
        first ? rows only
Hibernate: 
    select
        om1_0.id,
        om1_0.aggregate_id,
        om1_0.aggregate_type,
        om1_0.created_at,
        om1_0.event_type,
        om1_0.next_retry_at,
        om1_0.payload,
        om1_0.processed_at,
        om1_0.retry_count,
        om1_0.status 
    from
        outbox_messages om1_0 
    where
        om1_0.status=? 
        and (
            om1_0.next_retry_at is null 
            or om1_0.next_retry_at<=?
        ) 
    order by
        om1_0.created_at 
    fetch
        first ? rows only
Hibernate: 
    select
        om1_0.id,
        om1_0.aggregate_id,
        om1_0.aggregate_type,
        om1_0.created_at,
        om1_0.event_type,
        om1_0.next_retry_at,
        om1_0.payload,
        om1_0.processed_at,
        om1_0.retry_count,
        om1_0.status 
    from
        outbox_messages om1_0 
    where
        om1_0.status=? 
        and (
            om1_0.next_retry_at is null 
            or om1_0.next_retry_at<=?
        ) 
    order by
        om1_0.created_at 
    fetch
        first ? rows only
Hibernate: 
    select
        om1_0.id,
        om1_0.aggregate_id,
        om1_0.aggregate_type,
        om1_0.created_at,
        om1_0.event_type,
        om1_0.next_retry_at,
        om1_0.payload,
        om1_0.processed_at,
        om1_0.retry_count,
        om1_0.status 
    from
        outbox_messages om1_0 
    where
        om1_0.status=? 
        and (
            om1_0.next_retry_at is null 
            or om1_0.next_retry_at<=?
        ) 
    order by
        om1_0.created_at 
    fetch
        first ? rows only
Hibernate: 
    select
        om1_0.id,
        om1_0.aggregate_id,
        om1_0.aggregate_type,
        om1_0.created_at,
        om1_0.event_type,
        om1_0.next_retry_at,
        om1_0.payload,
        om1_0.processed_at,
        om1_0.retry_count,
        om1_0.status 
    from
        outbox_messages om1_0 
    where
        om1_0.status=? 
        and (
            om1_0.next_retry_at is null 
            or om1_0.next_retry_at<=?
        ) 
    order by
        om1_0.created_at 
    fetch
        first ? rows only
Hibernate: 
    select
        om1_0.id,
        om1_0.aggregate_id,
        om1_0.aggregate_type,
        om1_0.created_at,
        om1_0.event_type,
        om1_0.next_retry_at,
        om1_0.payload,
        om1_0.processed_at,
        om1_0.retry_count,
        om1_0.status 
    from
        outbox_messages om1_0 
    where
        om1_0.status=? 
        and (
            om1_0.next_retry_at is null 
            or om1_0.next_retry_at<=?
        ) 
    order by
        om1_0.created_at 
    fetch
        first ? rows only
Hibernate: 
    select
        om1_0.id,
        om1_0.aggregate_id,
        om1_0.aggregate_type,
        om1_0.created_at,
        om1_0.event_type,
        om1_0.next_retry_at,
        om1_0.payload,
        om1_0.processed_at,
        om1_0.retry_count,
        om1_0.status 
    from
        outbox_messages om1_0 
    where
        om1_0.status=? 
        and (
            om1_0.next_retry_at is null 
            or om1_0.next_retry_at<=?
        ) 
    order by
        om1_0.created_at 
    fetch
        first ? rows only
Hibernate: 
    select
        om1_0.id,
        om1_0.aggregate_id,
        om1_0.aggregate_type,
        om1_0.created_at,
        om1_0.event_type,
        om1_0.next_retry_at,
        om1_0.payload,
        om1_0.processed_at,
        om1_0.retry_count,
        om1_0.status 
    from
        outbox_messages om1_0 
    where
        om1_0.status=? 
        and (
            om1_0.next_retry_at is null 
            or om1_0.next_retry_at<=?
        ) 
    order by
        om1_0.created_at 
    fetch
        first ? rows only
Hibernate: 
    select
        om1_0.id,
        om1_0.aggregate_id,
        om1_0.aggregate_type,
        om1_0.created_at,
        om1_0.event_type,
        om1_0.next_retry_at,
        om1_0.payload,
        om1_0.processed_at,
        om1_0.retry_count,
        om1_0.status 
    from
        outbox_messages om1_0 
    where
        om1_0.status=? 
        and (
            om1_0.next_retry_at is null 
            or om1_0.next_retry_at<=?
        ) 
    order by
        om1_0.created_at 
    fetch
        first ? rows only
Hibernate: 
    select
        om1_0.id,
        om1_0.aggregate_id,
        om1_0.aggregate_type,
        om1_0.created_at,
        om1_0.event_type,
        om1_0.next_retry_at,
        om1_0.payload,
        om1_0.processed_at,
        om1_0.retry_count,
        om1_0.status 
    from
        outbox_messages om1_0 
    where
        om1_0.status=? 
        and (
            om1_0.next_retry_at is null 
            or om1_0.next_retry_at<=?
        ) 
    order by
        om1_0.created_at 
    fetch
        first ? rows only
Hibernate: 
    select
        om1_0.id,
        om1_0.aggregate_id,
        om1_0.aggregate_type,
        om1_0.created_at,
        om1_0.event_type,
        om1_0.next_retry_at,
        om1_0.payload,
        om1_0.processed_at,
        om1_0.retry_count,
        om1_0.status 
    from
        outbox_messages om1_0 
    where
        om1_0.status=? 
        and (
            om1_0.next_retry_at is null 
            or om1_0.next_retry_at<=?
        ) 
    order by
        om1_0.created_at 
    fetch
        first ? rows only
Hibernate: 
    select
        om1_0.id,
        om1_0.aggregate_id,
        om1_0.aggregate_type,
        om1_0.created_at,
        om1_0.event_type,
        om1_0.next_retry_at,
        om1_0.payload,
        om1_0.processed_at,
        om1_0.retry_count,
        om1_0.status 
    from
        outbox_messages om1_0 
    where
        om1_0.status=? 
        and (
            om1_0.next_retry_at is null 
            or om1_0.next_retry_at<=?
        ) 
    order by
        om1_0.created_at 
    fetch
        first ? rows only
Hibernate: 
    select
        om1_0.id,
        om1_0.aggregate_id,
        om1_0.aggregate_type,
        om1_0.created_at,
        om1_0.event_type,
        om1_0.next_retry_at,
        om1_0.payload,
        om1_0.processed_at,
        om1_0.retry_count,
        om1_0.status 
    from
        outbox_messages om1_0 
    where
        om1_0.status=? 
        and (
            om1_0.next_retry_at is null 
            or om1_0.next_retry_at<=?
        ) 
    order by
        om1_0.created_at 
    fetch
        first ? rows only
Hibernate: 
    select
        om1_0.id,
        om1_0.aggregate_id,
        om1_0.aggregate_type,
        om1_0.created_at,
        om1_0.event_type,
        om1_0.next_retry_at,
        om1_0.payload,
        om1_0.processed_at,
        om1_0.retry_count,
        om1_0.status 
    from
        outbox_messages om1_0 
    where
        om1_0.status=? 
        and (
            om1_0.next_retry_at is null 
            or om1_0.next_retry_at<=?
        ) 
    order by
        om1_0.created_at 
    fetch
        first ? rows only
Hibernate: 
    select
        om1_0.id,
        om1_0.aggregate_id,
        om1_0.aggregate_type,
        om1_0.created_at,
        om1_0.event_type,
        om1_0.next_retry_at,
        om1_0.payload,
        om1_0.processed_at,
        om1_0.retry_count,
        om1_0.status 
    from
        outbox_messages om1_0 
    where
        om1_0.status=? 
        and (
            om1_0.next_retry_at is null 
            or om1_0.next_retry_at<=?
        ) 
    order by
        om1_0.created_at 
    fetch
        first ? rows only
Hibernate: 
    select
        om1_0.id,
        om1_0.aggregate_id,
        om1_0.aggregate_type,
        om1_0.created_at,
        om1_0.event_type,
        om1_0.next_retry_at,
        om1_0.payload,
        om1_0.processed_at,
        om1_0.retry_count,
        om1_0.status 
    from
        outbox_messages om1_0 
    where
        om1_0.status=? 
        and (
            om1_0.next_retry_at is null 
            or om1_0.next_retry_at<=?
        ) 
    order by
        om1_0.created_at 
    fetch
        first ? rows only
Hibernate: 
    select
        om1_0.id,
        om1_0.aggregate_id,
        om1_0.aggregate_type,
        om1_0.created_at,
        om1_0.event_type,
        om1_0.next_retry_at,
        om1_0.payload,
        om1_0.processed_at,
        om1_0.retry_count,
        om1_0.status 
    from
        outbox_messages om1_0 
    where
        om1_0.status=? 
        and (
            om1_0.next_retry_at is null 
            or om1_0.next_retry_at<=?
        ) 
    order by
        om1_0.created_at 
    fetch
        first ? rows only
Hibernate: 
    select
        om1_0.id,
        om1_0.aggregate_id,
        om1_0.aggregate_type,
        om1_0.created_at,
        om1_0.event_type,
        om1_0.next_retry_at,
        om1_0.payload,
        om1_0.processed_at,
        om1_0.retry_count,
        om1_0.status 
    from
        outbox_messages om1_0 
    where
        om1_0.status=? 
        and (
            om1_0.next_retry_at is null 
            or om1_0.next_retry_at<=?
        ) 
    order by
        om1_0.created_at 
    fetch
        first ? rows only
Hibernate: 
    select
        om1_0.id,
        om1_0.aggregate_id,
        om1_0.aggregate_type,
        om1_0.created_at,
        om1_0.event_type,
        om1_0.next_retry_at,
        om1_0.payload,
        om1_0.processed_at,
        om1_0.retry_count,
        om1_0.status 
    from
        outbox_messages om1_0 
    where
        om1_0.status=? 
        and (
            om1_0.next_retry_at is null 
            or om1_0.next_retry_at<=?
        ) 
    order by
        om1_0.created_at 
    fetch
        first ? rows only
Hibernate: 
    select
        om1_0.id,
        om1_0.aggregate_id,
        om1_0.aggregate_type,
        om1_0.created_at,
        om1_0.event_type,
        om1_0.next_retry_at,
        om1_0.payload,
        om1_0.processed_at,
        om1_0.retry_count,
        om1_0.status 
    from
        outbox_messages om1_0 
    where
        om1_0.status=? 
        and (
            om1_0.next_retry_at is null 
            or om1_0.next_retry_at<=?
        ) 
    order by
        om1_0.created_at 
    fetch
        first ? rows only
Hibernate: 
    select
        om1_0.id,
        om1_0.aggregate_id,
        om1_0.aggregate_type,
        om1_0.created_at,
        om1_0.event_type,
        om1_0.next_retry_at,
        om1_0.payload,
        om1_0.processed_at,
        om1_0.retry_count,
        om1_0.status 
    from
        outbox_messages om1_0 
    where
        om1_0.status=? 
        and (
            om1_0.next_retry_at is null 
            or om1_0.next_retry_at<=?
        ) 
    order by
        om1_0.created_at 
    fetch
        first ? rows only
Hibernate: 
    select
        om1_0.id,
        om1_0.aggregate_id,
        om1_0.aggregate_type,
        om1_0.created_at,
        om1_0.event_type,
        om1_0.next_retry_at,
        om1_0.payload,
        om1_0.processed_at,
        om1_0.retry_count,
        om1_0.status 
    from
        outbox_messages om1_0 
    where
        om1_0.status=? 
        and (
            om1_0.next_retry_at is null 
            or om1_0.next_retry_at<=?
        ) 
    order by
        om1_0.created_at 
    fetch
        first ? rows only
Hibernate: 
    select
        om1_0.id,
        om1_0.aggregate_id,
        om1_0.aggregate_type,
        om1_0.created_at,
        om1_0.event_type,
        om1_0.next_retry_at,
        om1_0.payload,
        om1_0.processed_at,
        om1_0.retry_count,
        om1_0.status 
    from
        outbox_messages om1_0 
    where
        om1_0.status=? 
        and (
            om1_0.next_retry_at is null 
            or om1_0.next_retry_at<=?
        ) 
    order by
        om1_0.created_at 
    fetch
        first ? rows only
Hibernate: 
    select
        om1_0.id,
        om1_0.aggregate_id,
        om1_0.aggregate_type,
        om1_0.created_at,
        om1_0.event_type,
        om1_0.next_retry_at,
        om1_0.payload,
        om1_0.processed_at,
        om1_0.retry_count,
        om1_0.status 
    from
        outbox_messages om1_0 
    where
        om1_0.status=? 
        and (
            om1_0.next_retry_at is null 
            or om1_0.next_retry_at<=?
        ) 
    order by
        om1_0.created_at 
    fetch
        first ? rows only
Hibernate: 
    select
        om1_0.id,
        om1_0.aggregate_id,
        om1_0.aggregate_type,
        om1_0.created_at,
        om1_0.event_type,
        om1_0.next_retry_at,
        om1_0.payload,
        om1_0.processed_at,
        om1_0.retry_count,
        om1_0.status 
    from
        outbox_messages om1_0 
    where
        om1_0.status=? 
        and (
            om1_0.next_retry_at is null 
            or om1_0.next_retry_at<=?
        ) 
    order by
        om1_0.created_at 
    fetch
        first ? rows only
Hibernate: 
    select
        om1_0.id,
        om1_0.aggregate_id,
        om1_0.aggregate_type,
        om1_0.created_at,
        om1_0.event_type,
        om1_0.next_retry_at,
        om1_0.payload,
        om1_0.processed_at,
        om1_0.retry_count,
        om1_0.status 
    from
        outbox_messages om1_0 
    where
        om1_0.status=? 
        and (
            om1_0.next_retry_at is null 
            or om1_0.next_retry_at<=?
        ) 
    order by
        om1_0.created_at 
    fetch
        first ? rows only
Hibernate: 
    select
        om1_0.id,
        om1_0.aggregate_id,
        om1_0.aggregate_type,
        om1_0.created_at,
        om1_0.event_type,
        om1_0.next_retry_at,
        om1_0.payload,
        om1_0.processed_at,
        om1_0.retry_count,
        om1_0.status 
    from
        outbox_messages om1_0 
    where
        om1_0.status=? 
        and (
            om1_0.next_retry_at is null 
            or om1_0.next_retry_at<=?
        ) 
    order by
        om1_0.created_at 
    fetch
        first ? rows only
Hibernate: 
    select
        om1_0.id,
        om1_0.aggregate_id,
        om1_0.aggregate_type,
        om1_0.created_at,
        om1_0.event_type,
        om1_0.next_retry_at,
        om1_0.payload,
        om1_0.processed_at,
        om1_0.retry_count,
        om1_0.status 
    from
        outbox_messages om1_0 
    where
        om1_0.status=? 
        and (
            om1_0.next_retry_at is null 
            or om1_0.next_retry_at<=?
        ) 
    order by
        om1_0.created_at 
    fetch
        first ? rows only
Hibernate: 
    select
        om1_0.id,
        om1_0.aggregate_id,
        om1_0.aggregate_type,
        om1_0.created_at,
        om1_0.event_type,
        om1_0.next_retry_at,
        om1_0.payload,
        om1_0.processed_at,
        om1_0.retry_count,
        om1_0.status 
    from
        outbox_messages om1_0 
    where
        om1_0.status=? 
        and (
            om1_0.next_retry_at is null 
            or om1_0.next_retry_at<=?
        ) 
    order by
        om1_0.created_at 
    fetch
        first ? rows only
Hibernate: 
    select
        om1_0.id,
        om1_0.aggregate_id,
        om1_0.aggregate_type,
        om1_0.created_at,
        om1_0.event_type,
        om1_0.next_retry_at,
        om1_0.payload,
        om1_0.processed_at,
        om1_0.retry_count,
        om1_0.status 
    from
        outbox_messages om1_0 
    where
        om1_0.status=? 
        and (
            om1_0.next_retry_at is null 
            or om1_0.next_retry_at<=?
        ) 
    order by
        om1_0.created_at 
    fetch
        first ? rows only
Hibernate: 
    select
        om1_0.id,
        om1_0.aggregate_id,
        om1_0.aggregate_type,
        om1_0.created_at,
        om1_0.event_type,
        om1_0.next_retry_at,
        om1_0.payload,
        om1_0.processed_at,
        om1_0.retry_count,
        om1_0.status 
    from
        outbox_messages om1_0 
    where
        om1_0.status=? 
        and (
            om1_0.next_retry_at is null 
            or om1_0.next_retry_at<=?
        ) 
    order by
        om1_0.created_at 
    fetch
        first ? rows only
Hibernate: 
    select
        om1_0.id,
        om1_0.aggregate_id,
        om1_0.aggregate_type,
        om1_0.created_at,
        om1_0.event_type,
        om1_0.next_retry_at,
        om1_0.payload,
        om1_0.processed_at,
        om1_0.retry_count,
        om1_0.status 
    from
        outbox_messages om1_0 
    where
        om1_0.status=? 
        and (
            om1_0.next_retry_at is null 
            or om1_0.next_retry_at<=?
        ) 
    order by
        om1_0.created_at 
    fetch
        first ? rows only
Hibernate: 
    select
        om1_0.id,
        om1_0.aggregate_id,
        om1_0.aggregate_type,
        om1_0.created_at,
        om1_0.event_type,
        om1_0.next_retry_at,
        om1_0.payload,
        om1_0.processed_at,
        om1_0.retry_count,
        om1_0.status 
    from
        outbox_messages om1_0 
    where
        om1_0.status=? 
        and (
            om1_0.next_retry_at is null 
            or om1_0.next_retry_at<=?
        ) 
    order by
        om1_0.created_at 
    fetch
        first ? rows only
Hibernate: 
    select
        om1_0.id,
        om1_0.aggregate_id,
        om1_0.aggregate_type,
        om1_0.created_at,
        om1_0.event_type,
        om1_0.next_retry_at,
        om1_0.payload,
        om1_0.processed_at,
        om1_0.retry_count,
        om1_0.status 
    from
        outbox_messages om1_0 
    where
        om1_0.status=? 
        and (
            om1_0.next_retry_at is null 
            or om1_0.next_retry_at<=?
        ) 
    order by
        om1_0.created_at 
    fetch
        first ? rows only
Hibernate: 
    select
        om1_0.id,
        om1_0.aggregate_id,
        om1_0.aggregate_type,
        om1_0.created_at,
        om1_0.event_type,
        om1_0.next_retry_at,
        om1_0.payload,
        om1_0.processed_at,
        om1_0.retry_count,
        om1_0.status 
    from
        outbox_messages om1_0 
    where
        om1_0.status=? 
        and (
            om1_0.next_retry_at is null 
            or om1_0.next_retry_at<=?
        ) 
    order by
        om1_0.created_at 
    fetch
        first ? rows only
Hibernate: 
    select
        om1_0.id,
        om1_0.aggregate_id,
        om1_0.aggregate_type,
        om1_0.created_at,
        om1_0.event_type,
        om1_0.next_retry_at,
        om1_0.payload,
        om1_0.processed_at,
        om1_0.retry_count,
        om1_0.status 
    from
        outbox_messages om1_0 
    where
        om1_0.status=? 
        and (
            om1_0.next_retry_at is null 
            or om1_0.next_retry_at<=?
        ) 
    order by
        om1_0.created_at 
    fetch
        first ? rows only
Hibernate: 
    select
        om1_0.id,
        om1_0.aggregate_id,
        om1_0.aggregate_type,
        om1_0.created_at,
        om1_0.event_type,
        om1_0.next_retry_at,
        om1_0.payload,
        om1_0.processed_at,
        om1_0.retry_count,
        om1_0.status 
    from
        outbox_messages om1_0 
    where
        om1_0.status=? 
        and (
            om1_0.next_retry_at is null 
            or om1_0.next_retry_at<=?
        ) 
    order by
        om1_0.created_at 
    fetch
        first ? rows only
Hibernate: 
    select
        om1_0.id,
        om1_0.aggregate_id,
        om1_0.aggregate_type,
        om1_0.created_at,
        om1_0.event_type,
        om1_0.next_retry_at,
        om1_0.payload,
        om1_0.processed_at,
        om1_0.retry_count,
        om1_0.status 
    from
        outbox_messages om1_0 
    where
        om1_0.status=? 
        and (
            om1_0.next_retry_at is null 
            or om1_0.next_retry_at<=?
        ) 
    order by
        om1_0.created_at 
    fetch
        first ? rows only
Hibernate: 
    select
        om1_0.id,
        om1_0.aggregate_id,
        om1_0.aggregate_type,
        om1_0.created_at,
        om1_0.event_type,
        om1_0.next_retry_at,
        om1_0.payload,
        om1_0.processed_at,
        om1_0.retry_count,
        om1_0.status 
    from
        outbox_messages om1_0 
    where
        om1_0.status=? 
        and (
            om1_0.next_retry_at is null 
            or om1_0.next_retry_at<=?
        ) 
    order by
        om1_0.created_at 
    fetch
        first ? rows only
Hibernate: 
    select
        om1_0.id,
        om1_0.aggregate_id,
        om1_0.aggregate_type,
        om1_0.created_at,
        om1_0.event_type,
        om1_0.next_retry_at,
        om1_0.payload,
        om1_0.processed_at,
        om1_0.retry_count,
        om1_0.status 
    from
        outbox_messages om1_0 
    where
        om1_0.status=? 
        and (
            om1_0.next_retry_at is null 
            or om1_0.next_retry_at<=?
        ) 
    order by
        om1_0.created_at 
    fetch
        first ? rows only
Hibernate: 
    select
        om1_0.id,
        om1_0.aggregate_id,
        om1_0.aggregate_type,
        om1_0.created_at,
        om1_0.event_type,
        om1_0.next_retry_at,
        om1_0.payload,
        om1_0.processed_at,
        om1_0.retry_count,
        om1_0.status 
    from
        outbox_messages om1_0 
    where
        om1_0.status=? 
        and (
            om1_0.next_retry_at is null 
            or om1_0.next_retry_at<=?
        ) 
    order by
        om1_0.created_at 
    fetch
        first ? rows only
Hibernate: 
    select
        om1_0.id,
        om1_0.aggregate_id,
        om1_0.aggregate_type,
        om1_0.created_at,
        om1_0.event_type,
        om1_0.next_retry_at,
        om1_0.payload,
        om1_0.processed_at,
        om1_0.retry_count,
        om1_0.status 
    from
        outbox_messages om1_0 
    where
        om1_0.status=? 
        and (
            om1_0.next_retry_at is null 
            or om1_0.next_retry_at<=?
        ) 
    order by
        om1_0.created_at 
    fetch
        first ? rows only
Hibernate: 
    select
        om1_0.id,
        om1_0.aggregate_id,
        om1_0.aggregate_type,
        om1_0.created_at,
        om1_0.event_type,
        om1_0.next_retry_at,
        om1_0.payload,
        om1_0.processed_at,
        om1_0.retry_count,
        om1_0.status 
    from
        outbox_messages om1_0 
    where
        om1_0.status=? 
        and (
            om1_0.next_retry_at is null 
            or om1_0.next_retry_at<=?
        ) 
    order by
        om1_0.created_at 
    fetch
        first ? rows only
Hibernate: 
    select
        om1_0.id,
        om1_0.aggregate_id,
        om1_0.aggregate_type,
        om1_0.created_at,
        om1_0.event_type,
        om1_0.next_retry_at,
        om1_0.payload,
        om1_0.processed_at,
        om1_0.retry_count,
        om1_0.status 
    from
        outbox_messages om1_0 
    where
        om1_0.status=? 
        and (
            om1_0.next_retry_at is null 
            or om1_0.next_retry_at<=?
        ) 
    order by
        om1_0.created_at 
    fetch
        first ? rows only
Hibernate: 
    select
        om1_0.id,
        om1_0.aggregate_id,
        om1_0.aggregate_type,
        om1_0.created_at,
        om1_0.event_type,
        om1_0.next_retry_at,
        om1_0.payload,
        om1_0.processed_at,
        om1_0.retry_count,
        om1_0.status 
    from
        outbox_messages om1_0 
    where
        om1_0.status=? 
        and (
            om1_0.next_retry_at is null 
            or om1_0.next_retry_at<=?
        ) 
    order by
        om1_0.created_at 
    fetch
        first ? rows only
Hibernate: 
    select
        om1_0.id,
        om1_0.aggregate_id,
        om1_0.aggregate_type,
        om1_0.created_at,
        om1_0.event_type,
        om1_0.next_retry_at,
        om1_0.payload,
        om1_0.processed_at,
        om1_0.retry_count,
        om1_0.status 
    from
        outbox_messages om1_0 
    where
        om1_0.status=? 
        and (
            om1_0.next_retry_at is null 
            or om1_0.next_retry_at<=?
        ) 
    order by
        om1_0.created_at 
    fetch
        first ? rows only
Hibernate: 
    select
        om1_0.id,
        om1_0.aggregate_id,
        om1_0.aggregate_type,
        om1_0.created_at,
        om1_0.event_type,
        om1_0.next_retry_at,
        om1_0.payload,
        om1_0.processed_at,
        om1_0.retry_count,
        om1_0.status 
    from
        outbox_messages om1_0 
    where
        om1_0.status=? 
        and (
            om1_0.next_retry_at is null 
            or om1_0.next_retry_at<=?
        ) 
    order by
        om1_0.created_at 
    fetch
        first ? rows only
Hibernate: 
    select
        om1_0.id,
        om1_0.aggregate_id,
        om1_0.aggregate_type,
        om1_0.created_at,
        om1_0.event_type,
        om1_0.next_retry_at,
        om1_0.payload,
        om1_0.processed_at,
        om1_0.retry_count,
        om1_0.status 
    from
        outbox_messages om1_0 
    where
        om1_0.status=? 
        and (
            om1_0.next_retry_at is null 
            or om1_0.next_retry_at<=?
        ) 
    order by
        om1_0.created_at 
    fetch
        first ? rows only
Hibernate: 
    select
        om1_0.id,
        om1_0.aggregate_id,
        om1_0.aggregate_type,
        om1_0.created_at,
        om1_0.event_type,
        om1_0.next_retry_at,
        om1_0.payload,
        om1_0.processed_at,
        om1_0.retry_count,
        om1_0.status 
    from
        outbox_messages om1_0 
    where
        om1_0.status=? 
        and (
            om1_0.next_retry_at is null 
            or om1_0.next_retry_at<=?
        ) 
    order by
        om1_0.created_at 
    fetch
        first ? rows only
Hibernate: 
    select
        om1_0.id,
        om1_0.aggregate_id,
        om1_0.aggregate_type,
        om1_0.created_at,
        om1_0.event_type,
        om1_0.next_retry_at,
        om1_0.payload,
        om1_0.processed_at,
        om1_0.retry_count,
        om1_0.status 
    from
        outbox_messages om1_0 
    where
        om1_0.status=? 
        and (
            om1_0.next_retry_at is null 
            or om1_0.next_retry_at<=?
        ) 
    order by
        om1_0.created_at 
    fetch
        first ? rows only
Hibernate: 
    select
        om1_0.id,
        om1_0.aggregate_id,
        om1_0.aggregate_type,
        om1_0.created_at,
        om1_0.event_type,
        om1_0.next_retry_at,
        om1_0.payload,
        om1_0.processed_at,
        om1_0.retry_count,
        om1_0.status 
    from
        outbox_messages om1_0 
    where
        om1_0.status=? 
        and (
            om1_0.next_retry_at is null 
            or om1_0.next_retry_at<=?
        ) 
    order by
        om1_0.created_at 
    fetch
        first ? rows only
Hibernate: 
    select
        om1_0.id,
        om1_0.aggregate_id,
        om1_0.aggregate_type,
        om1_0.created_at,
        om1_0.event_type,
        om1_0.next_retry_at,
        om1_0.payload,
        om1_0.processed_at,
        om1_0.retry_count,
        om1_0.status 
    from
        outbox_messages om1_0 
    where
        om1_0.status=? 
        and (
            om1_0.next_retry_at is null 
            or om1_0.next_retry_at<=?
        ) 
    order by
        om1_0.created_at 
    fetch
        first ? rows only
Hibernate: 
    select
        om1_0.id,
        om1_0.aggregate_id,
        om1_0.aggregate_type,
        om1_0.created_at,
        om1_0.event_type,
        om1_0.next_retry_at,
        om1_0.payload,
        om1_0.processed_at,
        om1_0.retry_count,
        om1_0.status 
    from
        outbox_messages om1_0 
    where
        om1_0.status=? 
        and (
            om1_0.next_retry_at is null 
            or om1_0.next_retry_at<=?
        ) 
    order by
        om1_0.created_at 
    fetch
        first ? rows only
Hibernate: 
    select
        om1_0.id,
        om1_0.aggregate_id,
        om1_0.aggregate_type,
        om1_0.created_at,
        om1_0.event_type,
        om1_0.next_retry_at,
        om1_0.payload,
        om1_0.processed_at,
        om1_0.retry_count,
        om1_0.status 
    from
        outbox_messages om1_0 
    where
        om1_0.status=? 
        and (
            om1_0.next_retry_at is null 
            or om1_0.next_retry_at<=?
        ) 
    order by
        om1_0.created_at 
    fetch
        first ? rows only
Hibernate: 
    select
        om1_0.id,
        om1_0.aggregate_id,
        om1_0.aggregate_type,
        om1_0.created_at,
        om1_0.event_type,
        om1_0.next_retry_at,
        om1_0.payload,
        om1_0.processed_at,
        om1_0.retry_count,
        om1_0.status 
    from
        outbox_messages om1_0 
    where
        om1_0.status=? 
        and (
            om1_0.next_retry_at is null 
            or om1_0.next_retry_at<=?
        ) 
    order by
        om1_0.created_at 
    fetch
        first ? rows only
Hibernate: 
    select
        om1_0.id,
        om1_0.aggregate_id,
        om1_0.aggregate_type,
        om1_0.created_at,
        om1_0.event_type,
        om1_0.next_retry_at,
        om1_0.payload,
        om1_0.processed_at,
        om1_0.retry_count,
        om1_0.status 
    from
        outbox_messages om1_0 
    where
        om1_0.status=? 
        and (
            om1_0.next_retry_at is null 
            or om1_0.next_retry_at<=?
        ) 
    order by
        om1_0.created_at 
    fetch
        first ? rows only
Hibernate: 
    select
        om1_0.id,
        om1_0.aggregate_id,
        om1_0.aggregate_type,
        om1_0.created_at,
        om1_0.event_type,
        om1_0.next_retry_at,
        om1_0.payload,
        om1_0.processed_at,
        om1_0.retry_count,
        om1_0.status 
    from
        outbox_messages om1_0 
    where
        om1_0.status=? 
        and (
            om1_0.next_retry_at is null 
            or om1_0.next_retry_at<=?
        ) 
    order by
        om1_0.created_at 
    fetch
        first ? rows only
Hibernate: 
    select
        om1_0.id,
        om1_0.aggregate_id,
        om1_0.aggregate_type,
        om1_0.created_at,
        om1_0.event_type,
        om1_0.next_retry_at,
        om1_0.payload,
        om1_0.processed_at,
        om1_0.retry_count,
        om1_0.status 
    from
        outbox_messages om1_0 
    where
        om1_0.status=? 
        and (
            om1_0.next_retry_at is null 
            or om1_0.next_retry_at<=?
        ) 
    order by
        om1_0.created_at 
    fetch
        first ? rows only
Hibernate: 
    select
        om1_0.id,
        om1_0.aggregate_id,
        om1_0.aggregate_type,
        om1_0.created_at,
        om1_0.event_type,
        om1_0.next_retry_at,
        om1_0.payload,
        om1_0.processed_at,
        om1_0.retry_count,
        om1_0.status 
    from
        outbox_messages om1_0 
    where
        om1_0.status=? 
        and (
            om1_0.next_retry_at is null 
            or om1_0.next_retry_at<=?
        ) 
    order by
        om1_0.created_at 
    fetch
        first ? rows only
Hibernate: 
    select
        om1_0.id,
        om1_0.aggregate_id,
        om1_0.aggregate_type,
        om1_0.created_at,
        om1_0.event_type,
        om1_0.next_retry_at,
        om1_0.payload,
        om1_0.processed_at,
        om1_0.retry_count,
        om1_0.status 
    from
        outbox_messages om1_0 
    where
        om1_0.status=? 
        and (
            om1_0.next_retry_at is null 
            or om1_0.next_retry_at<=?
        ) 
    order by
        om1_0.created_at 
    fetch
        first ? rows only
Hibernate: 
    select
        om1_0.id,
        om1_0.aggregate_id,
        om1_0.aggregate_type,
        om1_0.created_at,
        om1_0.event_type,
        om1_0.next_retry_at,
        om1_0.payload,
        om1_0.processed_at,
        om1_0.retry_count,
        om1_0.status 
    from
        outbox_messages om1_0 
    where
        om1_0.status=? 
        and (
            om1_0.next_retry_at is null 
            or om1_0.next_retry_at<=?
        ) 
    order by
        om1_0.created_at 
    fetch
        first ? rows only
Hibernate: 
    select
        om1_0.id,
        om1_0.aggregate_id,
        om1_0.aggregate_type,
        om1_0.created_at,
        om1_0.event_type,
        om1_0.next_retry_at,
        om1_0.payload,
        om1_0.processed_at,
        om1_0.retry_count,
        om1_0.status 
    from
        outbox_messages om1_0 
    where
        om1_0.status=? 
        and (
            om1_0.next_retry_at is null 
            or om1_0.next_retry_at<=?
        ) 
    order by
        om1_0.created_at 
    fetch
        first ? rows only
Hibernate: 
    select
        om1_0.id,
        om1_0.aggregate_id,
        om1_0.aggregate_type,
        om1_0.created_at,
        om1_0.event_type,
        om1_0.next_retry_at,
        om1_0.payload,
        om1_0.processed_at,
        om1_0.retry_count,
        om1_0.status 
    from
        outbox_messages om1_0 
    where
        om1_0.status=? 
        and (
            om1_0.next_retry_at is null 
            or om1_0.next_retry_at<=?
        ) 
    order by
        om1_0.created_at 
    fetch
        first ? rows only
Hibernate: 
    select
        om1_0.id,
        om1_0.aggregate_id,
        om1_0.aggregate_type,
        om1_0.created_at,
        om1_0.event_type,
        om1_0.next_retry_at,
        om1_0.payload,
        om1_0.processed_at,
        om1_0.retry_count,
        om1_0.status 
    from
        outbox_messages om1_0 
    where
        om1_0.status=? 
        and (
            om1_0.next_retry_at is null 
            or om1_0.next_retry_at<=?
        ) 
    order by
        om1_0.created_at 
    fetch
        first ? rows only
Hibernate: 
    select
        om1_0.id,
        om1_0.aggregate_id,
        om1_0.aggregate_type,
        om1_0.created_at,
        om1_0.event_type,
        om1_0.next_retry_at,
        om1_0.payload,
        om1_0.processed_at,
        om1_0.retry_count,
        om1_0.status 
    from
        outbox_messages om1_0 
    where
        om1_0.status=? 
        and (
            om1_0.next_retry_at is null 
            or om1_0.next_retry_at<=?
        ) 
    order by
        om1_0.created_at 
    fetch
        first ? rows only
Hibernate: 
    select
        om1_0.id,
        om1_0.aggregate_id,
        om1_0.aggregate_type,
        om1_0.created_at,
        om1_0.event_type,
        om1_0.next_retry_at,
        om1_0.payload,
        om1_0.processed_at,
        om1_0.retry_count,
        om1_0.status 
    from
        outbox_messages om1_0 
    where
        om1_0.status=? 
        and (
            om1_0.next_retry_at is null 
            or om1_0.next_retry_at<=?
        ) 
    order by
        om1_0.created_at 
    fetch
        first ? rows only
Hibernate: 
    select
        om1_0.id,
        om1_0.aggregate_id,
        om1_0.aggregate_type,
        om1_0.created_at,
        om1_0.event_type,
        om1_0.next_retry_at,
        om1_0.payload,
        om1_0.processed_at,
        om1_0.retry_count,
        om1_0.status 
    from
        outbox_messages om1_0 
    where
        om1_0.status=? 
        and (
            om1_0.next_retry_at is null 
            or om1_0.next_retry_at<=?
        ) 
    order by
        om1_0.created_at 
    fetch
        first ? rows only
Hibernate: 
    select
        om1_0.id,
        om1_0.aggregate_id,
        om1_0.aggregate_type,
        om1_0.created_at,
        om1_0.event_type,
        om1_0.next_retry_at,
        om1_0.payload,
        om1_0.processed_at,
        om1_0.retry_count,
        om1_0.status 
    from
        outbox_messages om1_0 
    where
        om1_0.status=? 
        and (
            om1_0.next_retry_at is null 
            or om1_0.next_retry_at<=?
        ) 
    order by
        om1_0.created_at 
    fetch
        first ? rows only
Hibernate: 
    select
        om1_0.id,
        om1_0.aggregate_id,
        om1_0.aggregate_type,
        om1_0.created_at,
        om1_0.event_type,
        om1_0.next_retry_at,
        om1_0.payload,
        om1_0.processed_at,
        om1_0.retry_count,
        om1_0.status 
    from
        outbox_messages om1_0 
    where
        om1_0.status=? 
        and (
            om1_0.next_retry_at is null 
            or om1_0.next_retry_at<=?
        ) 
    order by
        om1_0.created_at 
    fetch
        first ? rows only
Hibernate: 
    select
        om1_0.id,
        om1_0.aggregate_id,
        om1_0.aggregate_type,
        om1_0.created_at,
        om1_0.event_type,
        om1_0.next_retry_at,
        om1_0.payload,
        om1_0.processed_at,
        om1_0.retry_count,
        om1_0.status 
    from
        outbox_messages om1_0 
    where
        om1_0.status=? 
        and (
            om1_0.next_retry_at is null 
            or om1_0.next_retry_at<=?
        ) 
    order by
        om1_0.created_at 
    fetch
        first ? rows only
Hibernate: 
    select
        om1_0.id,
        om1_0.aggregate_id,
        om1_0.aggregate_type,
        om1_0.created_at,
        om1_0.event_type,
        om1_0.next_retry_at,
        om1_0.payload,
        om1_0.processed_at,
        om1_0.retry_count,
        om1_0.status 
    from
        outbox_messages om1_0 
    where
        om1_0.status=? 
        and (
            om1_0.next_retry_at is null 
            or om1_0.next_retry_at<=?
        ) 
    order by
        om1_0.created_at 
    fetch
        first ? rows only
Hibernate: 
    select
        om1_0.id,
        om1_0.aggregate_id,
        om1_0.aggregate_type,
        om1_0.created_at,
        om1_0.event_type,
        om1_0.next_retry_at,
        om1_0.payload,
        om1_0.processed_at,
        om1_0.retry_count,
        om1_0.status 
    from
        outbox_messages om1_0 
    where
        om1_0.status=? 
        and (
            om1_0.next_retry_at is null 
            or om1_0.next_retry_at<=?
        ) 
    order by
        om1_0.created_at 
    fetch
        first ? rows only
Hibernate: 
    select
        om1_0.id,
        om1_0.aggregate_id,
        om1_0.aggregate_type,
        om1_0.created_at,
        om1_0.event_type,
        om1_0.next_retry_at,
        om1_0.payload,
        om1_0.processed_at,
        om1_0.retry_count,
        om1_0.status 
    from
        outbox_messages om1_0 
    where
        om1_0.status=? 
        and (
            om1_0.next_retry_at is null 
            or om1_0.next_retry_at<=?
        ) 
    order by
        om1_0.created_at 
    fetch
        first ? rows only
Hibernate: 
    select
        om1_0.id,
        om1_0.aggregate_id,
        om1_0.aggregate_type,
        om1_0.created_at,
        om1_0.event_type,
        om1_0.next_retry_at,
        om1_0.payload,
        om1_0.processed_at,
        om1_0.retry_count,
        om1_0.status 
    from
        outbox_messages om1_0 
    where
        om1_0.status=? 
        and (
            om1_0.next_retry_at is null 
            or om1_0.next_retry_at<=?
        ) 
    order by
        om1_0.created_at 
    fetch
        first ? rows only
Hibernate: 
    select
        om1_0.id,
        om1_0.aggregate_id,
        om1_0.aggregate_type,
        om1_0.created_at,
        om1_0.event_type,
        om1_0.next_retry_at,
        om1_0.payload,
        om1_0.processed_at,
        om1_0.retry_count,
        om1_0.status 
    from
        outbox_messages om1_0 
    where
        om1_0.status=? 
        and (
            om1_0.next_retry_at is null 
            or om1_0.next_retry_at<=?
        ) 
    order by
        om1_0.created_at 
    fetch
        first ? rows only
Hibernate: 
    select
        om1_0.id,
        om1_0.aggregate_id,
        om1_0.aggregate_type,
        om1_0.created_at,
        om1_0.event_type,
        om1_0.next_retry_at,
        om1_0.payload,
        om1_0.processed_at,
        om1_0.retry_count,
        om1_0.status 
    from
        outbox_messages om1_0 
    where
        om1_0.status=? 
        and (
            om1_0.next_retry_at is null 
            or om1_0.next_retry_at<=?
        ) 
    order by
        om1_0.created_at 
    fetch
        first ? rows only
Hibernate: 
    select
        om1_0.id,
        om1_0.aggregate_id,
        om1_0.aggregate_type,
        om1_0.created_at,
        om1_0.event_type,
        om1_0.next_retry_at,
        om1_0.payload,
        om1_0.processed_at,
        om1_0.retry_count,
        om1_0.status 
    from
        outbox_messages om1_0 
    where
        om1_0.status=? 
        and (
            om1_0.next_retry_at is null 
            or om1_0.next_retry_at<=?
        ) 
    order by
        om1_0.created_at 
    fetch
        first ? rows only
Hibernate: 
    select
        om1_0.id,
        om1_0.aggregate_id,
        om1_0.aggregate_type,
        om1_0.created_at,
        om1_0.event_type,
        om1_0.next_retry_at,
        om1_0.payload,
        om1_0.processed_at,
        om1_0.retry_count,
        om1_0.status 
    from
        outbox_messages om1_0 
    where
        om1_0.status=? 
        and (
            om1_0.next_retry_at is null 
            or om1_0.next_retry_at<=?
        ) 
    order by
        om1_0.created_at 
    fetch
        first ? rows only
Hibernate: 
    select
        om1_0.id,
        om1_0.aggregate_id,
        om1_0.aggregate_type,
        om1_0.created_at,
        om1_0.event_type,
        om1_0.next_retry_at,
        om1_0.payload,
        om1_0.processed_at,
        om1_0.retry_count,
        om1_0.status 
    from
        outbox_messages om1_0 
    where
        om1_0.status=? 
        and (
            om1_0.next_retry_at is null 
            or om1_0.next_retry_at<=?
        ) 
    order by
        om1_0.created_at 
    fetch
        first ? rows only
Hibernate: 
    select
        om1_0.id,
        om1_0.aggregate_id,
        om1_0.aggregate_type,
        om1_0.created_at,
        om1_0.event_type,
        om1_0.next_retry_at,
        om1_0.payload,
        om1_0.processed_at,
        om1_0.retry_count,
        om1_0.status 
    from
        outbox_messages om1_0 
    where
        om1_0.status=? 
        and (
            om1_0.next_retry_at is null 
            or om1_0.next_retry_at<=?
        ) 
    order by
        om1_0.created_at 
    fetch
        first ? rows only
Hibernate: 
    select
        om1_0.id,
        om1_0.aggregate_id,
        om1_0.aggregate_type,
        om1_0.created_at,
        om1_0.event_type,
        om1_0.next_retry_at,
        om1_0.payload,
        om1_0.processed_at,
        om1_0.retry_count,
        om1_0.status 
    from
        outbox_messages om1_0 
    where
        om1_0.status=? 
        and (
            om1_0.next_retry_at is null 
            or om1_0.next_retry_at<=?
        ) 
    order by
        om1_0.created_at 
    fetch
        first ? rows only
Hibernate: 
    select
        om1_0.id,
        om1_0.aggregate_id,
        om1_0.aggregate_type,
        om1_0.created_at,
        om1_0.event_type,
        om1_0.next_retry_at,
        om1_0.payload,
        om1_0.processed_at,
        om1_0.retry_count,
        om1_0.status 
    from
        outbox_messages om1_0 
    where
        om1_0.status=? 
        and (
            om1_0.next_retry_at is null 
            or om1_0.next_retry_at<=?
        ) 
    order by
        om1_0.created_at 
    fetch
        first ? rows only
Hibernate: 
    select
        om1_0.id,
        om1_0.aggregate_id,
        om1_0.aggregate_type,
        om1_0.created_at,
        om1_0.event_type,
        om1_0.next_retry_at,
        om1_0.payload,
        om1_0.processed_at,
        om1_0.retry_count,
        om1_0.status 
    from
        outbox_messages om1_0 
    where
        om1_0.status=? 
        and (
            om1_0.next_retry_at is null 
            or om1_0.next_retry_at<=?
        ) 
    order by
        om1_0.created_at 
    fetch
        first ? rows only
Hibernate: 
    select
        om1_0.id,
        om1_0.aggregate_id,
        om1_0.aggregate_type,
        om1_0.created_at,
        om1_0.event_type,
        om1_0.next_retry_at,
        om1_0.payload,
        om1_0.processed_at,
        om1_0.retry_count,
        om1_0.status 
    from
        outbox_messages om1_0 
    where
        om1_0.status=? 
        and (
            om1_0.next_retry_at is null 
            or om1_0.next_retry_at<=?
        ) 
    order by
        om1_0.created_at 
    fetch
        first ? rows only
Hibernate: 
    select
        om1_0.id,
        om1_0.aggregate_id,
        om1_0.aggregate_type,
        om1_0.created_at,
        om1_0.event_type,
        om1_0.next_retry_at,
        om1_0.payload,
        om1_0.processed_at,
        om1_0.retry_count,
        om1_0.status 
    from
        outbox_messages om1_0 
    where
        om1_0.status=? 
        and (
            om1_0.next_retry_at is null 
            or om1_0.next_retry_at<=?
        ) 
    order by
        om1_0.created_at 
    fetch
        first ? rows only
Hibernate: 
    select
        om1_0.id,
        om1_0.aggregate_id,
        om1_0.aggregate_type,
        om1_0.created_at,
        om1_0.event_type,
        om1_0.next_retry_at,
        om1_0.payload,
        om1_0.processed_at,
        om1_0.retry_count,
        om1_0.status 
    from
        outbox_messages om1_0 
    where
        om1_0.status=? 
        and (
            om1_0.next_retry_at is null 
            or om1_0.next_retry_at<=?
        ) 
    order by
        om1_0.created_at 
    fetch
        first ? rows only
Hibernate: 
    select
        om1_0.id,
        om1_0.aggregate_id,
        om1_0.aggregate_type,
        om1_0.created_at,
        om1_0.event_type,
        om1_0.next_retry_at,
        om1_0.payload,
        om1_0.processed_at,
        om1_0.retry_count,
        om1_0.status 
    from
        outbox_messages om1_0 
    where
        om1_0.status=? 
        and (
            om1_0.next_retry_at is null 
            or om1_0.next_retry_at<=?
        ) 
    order by
        om1_0.created_at 
    fetch
        first ? rows only
Hibernate: 
    select
        om1_0.id,
        om1_0.aggregate_id,
        om1_0.aggregate_type,
        om1_0.created_at,
        om1_0.event_type,
        om1_0.next_retry_at,
        om1_0.payload,
        om1_0.processed_at,
        om1_0.retry_count,
        om1_0.status 
    from
        outbox_messages om1_0 
    where
        om1_0.status=? 
        and (
            om1_0.next_retry_at is null 
            or om1_0.next_retry_at<=?
        ) 
    order by
        om1_0.created_at 
    fetch
        first ? rows only
Hibernate: 
    select
        om1_0.id,
        om1_0.aggregate_id,
        om1_0.aggregate_type,
        om1_0.created_at,
        om1_0.event_type,
        om1_0.next_retry_at,
        om1_0.payload,
        om1_0.processed_at,
        om1_0.retry_count,
        om1_0.status 
    from
        outbox_messages om1_0 
    where
        om1_0.status=? 
        and (
            om1_0.next_retry_at is null 
            or om1_0.next_retry_at<=?
        ) 
    order by
        om1_0.created_at 
    fetch
        first ? rows only
Hibernate: 
    select
        om1_0.id,
        om1_0.aggregate_id,
        om1_0.aggregate_type,
        om1_0.created_at,
        om1_0.event_type,
        om1_0.next_retry_at,
        om1_0.payload,
        om1_0.processed_at,
        om1_0.retry_count,
        om1_0.status 
    from
        outbox_messages om1_0 
    where
        om1_0.status=? 
        and (
            om1_0.next_retry_at is null 
            or om1_0.next_retry_at<=?
        ) 
    order by
        om1_0.created_at 
    fetch
        first ? rows only
Hibernate: 
    select
        om1_0.id,
        om1_0.aggregate_id,
        om1_0.aggregate_type,
        om1_0.created_at,
        om1_0.event_type,
        om1_0.next_retry_at,
        om1_0.payload,
        om1_0.processed_at,
        om1_0.retry_count,
        om1_0.status 
    from
        outbox_messages om1_0 
    where
        om1_0.status=? 
        and (
            om1_0.next_retry_at is null 
            or om1_0.next_retry_at<=?
        ) 
    order by
        om1_0.created_at 
    fetch
        first ? rows only
Hibernate: 
    select
        om1_0.id,
        om1_0.aggregate_id,
        om1_0.aggregate_type,
        om1_0.created_at,
        om1_0.event_type,
        om1_0.next_retry_at,
        om1_0.payload,
        om1_0.processed_at,
        om1_0.retry_count,
        om1_0.status 
    from
        outbox_messages om1_0 
    where
        om1_0.status=? 
        and (
            om1_0.next_retry_at is null 
            or om1_0.next_retry_at<=?
        ) 
    order by
        om1_0.created_at 
    fetch
        first ? rows only
Hibernate: 
    select
        om1_0.id,
        om1_0.aggregate_id,
        om1_0.aggregate_type,
        om1_0.created_at,
        om1_0.event_type,
        om1_0.next_retry_at,
        om1_0.payload,
        om1_0.processed_at,
        om1_0.retry_count,
        om1_0.status 
    from
        outbox_messages om1_0 
    where
        om1_0.status=? 
        and (
            om1_0.next_retry_at is null 
            or om1_0.next_retry_at<=?
        ) 
    order by
        om1_0.created_at 
    fetch
        first ? rows only
Hibernate: 
    select
        om1_0.id,
        om1_0.aggregate_id,
        om1_0.aggregate_type,
        om1_0.created_at,
        om1_0.event_type,
        om1_0.next_retry_at,
        om1_0.payload,
        om1_0.processed_at,
        om1_0.retry_count,
        om1_0.status 
    from
        outbox_messages om1_0 
    where
        om1_0.status=? 
        and (
            om1_0.next_retry_at is null 
            or om1_0.next_retry_at<=?
        ) 
    order by
        om1_0.created_at 
    fetch
        first ? rows only
Hibernate: 
    select
        om1_0.id,
        om1_0.aggregate_id,
        om1_0.aggregate_type,
        om1_0.created_at,
        om1_0.event_type,
        om1_0.next_retry_at,
        om1_0.payload,
        om1_0.processed_at,
        om1_0.retry_count,
        om1_0.status 
    from
        outbox_messages om1_0 
    where
        om1_0.status=? 
        and (
            om1_0.next_retry_at is null 
            or om1_0.next_retry_at<=?
        ) 
    order by
        om1_0.created_at 
    fetch
        first ? rows only
Hibernate: 
    select
        om1_0.id,
        om1_0.aggregate_id,
        om1_0.aggregate_type,
        om1_0.created_at,
        om1_0.event_type,
        om1_0.next_retry_at,
        om1_0.payload,
        om1_0.processed_at,
        om1_0.retry_count,
        om1_0.status 
    from
        outbox_messages om1_0 
    where
        om1_0.status=? 
        and (
            om1_0.next_retry_at is null 
            or om1_0.next_retry_at<=?
        ) 
    order by
        om1_0.created_at 
    fetch
        first ? rows only
Hibernate: 
    select
        om1_0.id,
        om1_0.aggregate_id,
        om1_0.aggregate_type,
        om1_0.created_at,
        om1_0.event_type,
        om1_0.next_retry_at,
        om1_0.payload,
        om1_0.processed_at,
        om1_0.retry_count,
        om1_0.status 
    from
        outbox_messages om1_0 
    where
        om1_0.status=? 
        and (
            om1_0.next_retry_at is null 
            or om1_0.next_retry_at<=?
        ) 
    order by
        om1_0.created_at 
    fetch
        first ? rows only
Hibernate: 
    select
        om1_0.id,
        om1_0.aggregate_id,
        om1_0.aggregate_type,
        om1_0.created_at,
        om1_0.event_type,
        om1_0.next_retry_at,
        om1_0.payload,
        om1_0.processed_at,
        om1_0.retry_count,
        om1_0.status 
    from
        outbox_messages om1_0 
    where
        om1_0.status=? 
        and (
            om1_0.next_retry_at is null 
            or om1_0.next_retry_at<=?
        ) 
    order by
        om1_0.created_at 
    fetch
        first ? rows only
Hibernate: 
    select
        om1_0.id,
        om1_0.aggregate_id,
        om1_0.aggregate_type,
        om1_0.created_at,
        om1_0.event_type,
        om1_0.next_retry_at,
        om1_0.payload,
        om1_0.processed_at,
        om1_0.retry_count,
        om1_0.status 
    from
        outbox_messages om1_0 
    where
        om1_0.status=? 
        and (
            om1_0.next_retry_at is null 
            or om1_0.next_retry_at<=?
        ) 
    order by
        om1_0.created_at 
    fetch
        first ? rows only
Hibernate: 
    select
        om1_0.id,
        om1_0.aggregate_id,
        om1_0.aggregate_type,
        om1_0.created_at,
        om1_0.event_type,
        om1_0.next_retry_at,
        om1_0.payload,
        om1_0.processed_at,
        om1_0.retry_count,
        om1_0.status 
    from
        outbox_messages om1_0 
    where
        om1_0.status=? 
        and (
            om1_0.next_retry_at is null 
            or om1_0.next_retry_at<=?
        ) 
    order by
        om1_0.created_at 
    fetch
        first ? rows only
2026-08-16T14:04:56.693+05:30  INFO 36159 --- [slot-booking-engine] [ntContainer#0-2] o.s.a.r.l.SimpleMessageListenerContainer : Waiting for workers to finish.
2026-08-16T14:04:56.702+05:30  INFO 36159 --- [slot-booking-engine] [ntContainer#1-2] o.s.a.r.l.SimpleMessageListenerContainer : Waiting for workers to finish.
2026-08-16T14:04:57.213+05:30  INFO 36159 --- [slot-booking-engine] [ntContainer#0-2] o.s.a.r.l.SimpleMessageListenerContainer : Successfully waited for workers to finish.
2026-08-16T14:04:57.661+05:30  INFO 36159 --- [slot-booking-engine] [ntContainer#1-2] o.s.a.r.l.SimpleMessageListenerContainer : Successfully waited for workers to finish.
2026-08-16T14:04:57.663+05:30  INFO 36159 --- [slot-booking-engine] [ionShutdownHook] o.s.boot.tomcat.GracefulShutdown         : Commencing graceful shutdown. Waiting for active requests to complete
2026-08-16T14:04:57.668+05:30  INFO 36159 --- [slot-booking-engine] [tomcat-shutdown] o.s.boot.tomcat.GracefulShutdown         : Graceful shutdown complete
2026-08-16T14:04:57.704+05:30  INFO 36159 --- [slot-booking-engine] [ionShutdownHook] j.LocalContainerEntityManagerFactoryBean : Closing JPA EntityManagerFactory for persistence unit 'default'
2026-08-16T14:04:57.707+05:30  INFO 36159 --- [slot-booking-engine] [ionShutdownHook] com.zaxxer.hikari.HikariDataSource       : HikariPool-1 - Shutdown initiated...
2026-08-16T14:04:57.709+05:30  INFO 36159 --- [slot-booking-engine] [ionShutdownHook] com.zaxxer.hikari.HikariDataSource       : HikariPool-1 - Shutdown completed.
